{"level":"info","message":"Connected to MongoDB: mobile_shop_ms","service":"mobile-shop-ms","timestamp":"2026-08-25 17:40:55"}
{"level":"info","message":"Server running in development mode on port 5000","service":"mobile-shop-ms","timestamp":"2026-08-25 17:40:55"}
{"level":"info","message":"Connected to MongoDB: mobile_shop_ms","service":"mobile-shop-ms","timestamp":"2026-08-25 17:42:11"}
{"level":"info","message":"Server running in development mode on port 5000","service":"mobile-shop-ms","timestamp":"2026-08-25 17:42:11"}
{"level":"info","message":"Connected to MongoDB: mobile_shop_ms","service":"mobile-shop-ms","timestamp":"2026-08-25 17:42:13"}
{"level":"info","message":"Server running in development mode on port 5000","service":"mobile-shop-ms","timestamp":"2026-08-25 17:42:13"}
{"level":"info","message":"Connected to MongoDB: mobile_shop_ms","service":"mobile-shop-ms","timestamp":"2026-08-25 17:44:13"}
{"level":"info","message":"Server running in development mode on port 5000","service":"mobile-shop-ms","timestamp":"2026-08-25 17:44:13"}
{"level":"info","message":"Connected to MongoDB: mobile_shop_ms","service":"mobile-shop-ms","timestamp":"2026-08-25 17:47:12"}
{"level":"info","message":"Server running in development mode on port 5000","service":"mobile-shop-ms","timestamp":"2026-08-25 17:47:12"}
{"level":"info","message":"Connected to MongoDB: mobile_shop_ms","service":"mobile-shop-ms","timestamp":"2026-08-25 17:47:16"}
{"level":"info","message":"Server running in development mode on port 5000","service":"mobile-shop-ms","timestamp":"2026-08-25 17:47:16"}
{"level":"info","message":"Connected to MongoDB: mobile_shop_ms","service":"mobile-shop-ms","timestamp":"2026-08-25 17:49:06"}
{"level":"info","message":"Permissions seeded successfully.","service":"mobile-shop-ms","timestamp":"2026-08-25 17:49:06"}
{"level":"info","message":"Roles seeded successfully.","service":"mobile-shop-ms","timestamp":"2026-08-25 17:49:06"}
{"level":"info","message":"Super Admin seeded successfully.","service":"mobile-shop-ms","timestamp":"2026-08-25 17:49:06"}
{"level":"info","message":"Connected to MongoDB: mobile_shop_ms","service":"mobile-shop-ms","timestamp":"2026-08-25 17:50:13"}
{"level":"info","message":"Server running in development mode on port 5000","service":"mobile-shop-ms","timestamp":"2026-08-25 17:50:13"}
{"level":"info","message":"Connected to MongoDB: mobile_shop_ms","service":"mobile-shop-ms","timestamp":"2026-08-25 17:50:15"}
{"level":"info","message":"Server running in development mode on port 5000","service":"mobile-shop-ms","timestamp":"2026-08-25 17:50:15"}
{"level":"info","message":"Connected to MongoDB: mobile_shop_ms","service":"mobile-shop-ms","timestamp":"2026-08-25 18:00:42"}
{"level":"info","message":"Server running in development mode on port 5000","service":"mobile-shop-ms","timestamp":"2026-08-25 18:00:42"}
{"level":"info","message":"Connected to MongoDB: mobile_shop_ms","service":"mobile-shop-ms","timestamp":"2026-08-25 18:40:15"}
{"level":"info","message":"Connected to MongoDB: mobile_shop_ms","service":"mobile-shop-ms","timestamp":"2026-08-25 18:40:15"}
{"level":"info","message":"Server running in development mode on port 5000","service":"mobile-shop-ms","timestamp":"2026-08-25 18:40:15"}
{"level":"info","message":"Server running in development mode on port 5000","service":"mobile-shop-ms","timestamp":"2026-08-25 18:40:15"}
{"level":"info","message":"Connected to MongoDB: mobile_shop_ms","service":"mobile-shop-ms","timestamp":"2026-08-25 18:45:38"}
{"level":"info","message":"Server running in development mode on port 5000","service":"mobile-shop-ms","timestamp":"2026-08-25 18:45:38"}
{"level":"info","message":"Connected to MongoDB: mobile_shop_ms","service":"mobile-shop-ms","timestamp":"2026-08-25 18:50:08"}
{"level":"info","message":"Connected to MongoDB: mobile_shop_ms","service":"mobile-shop-ms","timestamp":"2026-08-25 18:50:08"}
{"level":"info","message":"Server running in development mode on port 5000","service":"mobile-shop-ms","timestamp":"2026-08-25 18:50:08"}
{"level":"info","message":"Server running in development mode on port 5000","service":"mobile-shop-ms","timestamp":"2026-08-25 18:50:08"}
{"level":"info","message":"Connected to MongoDB: mobile_shop_ms","service":"mobile-shop-ms","timestamp":"2026-08-25 18:50:26"}
{"level":"info","message":"Connected to MongoDB: mobile_shop_ms","service":"mobile-shop-ms","timestamp":"2026-08-25 18:50:26"}
{"level":"info","message":"Server running in development mode on port 5000","service":"mobile-shop-ms","timestamp":"2026-08-25 18:50:26"}
{"level":"info","message":"Server running in development mode on port 5000","service":"mobile-shop-ms","timestamp":"2026-08-25 18:50:26"}
{"level":"info","message":"Connected to MongoDB: mobile_shop_ms","service":"mobile-shop-ms","timestamp":"2026-08-25 18:56:55"}
{"level":"info","message":"Server running in development mode on port 5000","service":"mobile-shop-ms","timestamp":"2026-08-25 18:56:55"}
{"level":"info","message":"Connected to MongoDB: mobile_shop_ms","service":"mobile-shop-ms","timestamp":"2026-08-25 18:56:55"}
{"level":"info","message":"Server running in development mode on port 5000","service":"mobile-shop-ms","timestamp":"2026-08-25 18:56:55"}
{"level":"info","message":"Connected to MongoDB: mobile_shop_ms","service":"mobile-shop-ms","timestamp":"2026-08-25 18:58:29"}
{"level":"info","message":"Connected to MongoDB: mobile_shop_ms","service":"mobile-shop-ms","timestamp":"2026-08-25 18:58:29"}
{"level":"info","message":"Server running in development mode on port 5000","service":"mobile-shop-ms","timestamp":"2026-08-25 18:58:29"}
{"level":"info","message":"Server running in development mode on port 5000","service":"mobile-shop-ms","timestamp":"2026-08-25 18:58:29"}
{"level":"info","message":"Connected to MongoDB: mobile_shop_ms","service":"mobile-shop-ms","timestamp":"2026-08-25 19:04:33"}
{"level":"info","message":"Connected to MongoDB: mobile_shop_ms","service":"mobile-shop-ms","timestamp":"2026-08-25 19:04:33"}
{"level":"info","message":"Server running in development mode on port 5000","service":"mobile-shop-ms","timestamp":"2026-08-25 19:04:33"}
{"level":"info","message":"Server running in development mode on port 5000","service":"mobile-shop-ms","timestamp":"2026-08-25 19:04:33"}
{"level":"info","message":"Connected to MongoDB: mobile_shop_ms","service":"mobile-shop-ms","timestamp":"2026-08-25 19:08:15"}
{"level":"info","message":"Connected to MongoDB: mobile_shop_ms","service":"mobile-shop-ms","timestamp":"2026-08-25 19:08:15"}
{"level":"info","message":"Server running in development mode on port 5000","service":"mobile-shop-ms","timestamp":"2026-08-25 19:08:15"}
{"level":"info","message":"Server running in development mode on port 5000","service":"mobile-shop-ms","timestamp":"2026-08-25 19:08:15"}
{"level":"info","message":"Connected to MongoDB: mobile_shop_ms","service":"mobile-shop-ms","timestamp":"2026-08-25 19:13:57"}
{"level":"info","message":"Server running in development mode on port 5001","service":"mobile-shop-ms","timestamp":"2026-08-25 19:13:57"}
{"level":"info","message":"Connected to MongoDB: mobile_shop_ms","service":"mobile-shop-ms","timestamp":"2026-08-25 19:31:28"}
{"level":"info","message":"Server running in development mode on port 5001","service":"mobile-shop-ms","timestamp":"2026-08-25 19:31:28"}
{"level":"info","message":"Connected to MongoDB: mobile_shop_ms","service":"mobile-shop-ms","timestamp":"2026-08-25 20:46:20"}
{"level":"info","message":"Server running in development mode on port 5001","service":"mobile-shop-ms","timestamp":"2026-08-25 20:46:20"}
{"level":"info","message":"Connected to MongoDB: mobile_shop_ms","service":"mobile-shop-ms","timestamp":"2026-08-25 20:46:23"}
{"level":"info","message":"Server running in development mode on port 5001","service":"mobile-shop-ms","timestamp":"2026-08-25 20:46:23"}
{"level":"info","message":"Connected to MongoDB: mobile_shop_ms","service":"mobile-shop-ms","timestamp":"2026-08-25 21:28:11"}
{"level":"info","message":"Server running in development mode on port 5001","service":"mobile-shop-ms","timestamp":"2026-08-25 21:28:11"}
{"level":"info","message":"Connected to MongoDB: mobile_shop_ms","service":"mobile-shop-ms","timestamp":"2026-08-25 21:33:19"}
{"level":"info","message":"Server running in development mode on port 5001","service":"mobile-shop-ms","timestamp":"2026-08-25 21:33:19"}
{"level":"info","message":"Connected to MongoDB: mobile_shop_ms","service":"mobile-shop-ms","timestamp":"2026-08-25 21:35:06"}
{"level":"info","message":"Server running in development mode on port 5001","service":"mobile-shop-ms","timestamp":"2026-08-25 21:35:06"}
{"level":"info","message":"Connected to MongoDB: mobile_shop_ms","service":"mobile-shop-ms","timestamp":"2026-08-25 21:35:08"}
{"level":"info","message":"Server running in development mode on port 5001","service":"mobile-shop-ms","timestamp":"2026-08-25 21:35:08"}
{"level":"info","message":"Connected to MongoDB: mobile_shop_ms","service":"mobile-shop-ms","timestamp":"2026-08-25 21:35:10"}
{"level":"info","message":"Server running in development mode on port 5001","service":"mobile-shop-ms","timestamp":"2026-08-25 21:35:10"}
{"level":"info","message":"Connected to MongoDB: mobile_shop_ms","service":"mobile-shop-ms","timestamp":"2026-08-25 21:35:12"}
{"level":"info","message":"Server running in development mode on port 5001","service":"mobile-shop-ms","timestamp":"2026-08-25 21:35:12"}
{"level":"info","message":"Connected to MongoDB: mobile_shop_ms","service":"mobile-shop-ms","timestamp":"2026-08-25 21:42:08"}
{"level":"info","message":"Server running in development mode on port 5001","service":"mobile-shop-ms","timestamp":"2026-08-25 21:42:08"}
{"level":"info","message":"Connected to MongoDB: mobile_shop_ms","service":"mobile-shop-ms","timestamp":"2026-08-25 21:42:10"}
{"level":"info","message":"Server running in development mode on port 5001","service":"mobile-shop-ms","timestamp":"2026-08-25 21:42:10"}
{"level":"info","message":"Connected to MongoDB: mobile_shop_ms","service":"mobile-shop-ms","timestamp":"2026-08-25 21:43:08"}
{"level":"info","message":"Server running in development mode on port 5001","service":"mobile-shop-ms","timestamp":"2026-08-25 21:43:08"}
{"level":"info","message":"Connected to MongoDB: mobile_shop_ms","service":"mobile-shop-ms","timestamp":"2026-08-25 21:43:09"}
{"level":"info","message":"Server running in development mode on port 5001","service":"mobile-shop-ms","timestamp":"2026-08-25 21:43:09"}
{"level":"info","message":"Connected to MongoDB: mobile_shop_ms","service":"mobile-shop-ms","timestamp":"2026-08-25 21:45:08"}
{"level":"info","message":"Server running in development mode on port 5001","service":"mobile-shop-ms","timestamp":"2026-08-25 21:45:08"}
{"level":"info","message":"Connected to MongoDB: mobile_shop_ms","service":"mobile-shop-ms","timestamp":"2026-08-25 21:50:08"}
{"level":"info","message":"Server running in development mode on port 5001","service":"mobile-shop-ms","timestamp":"2026-08-25 21:50:08"}
{"level":"info","message":"Connected to MongoDB: mobile_shop_ms","service":"mobile-shop-ms","timestamp":"2026-08-25 21:50:11"}
{"level":"info","message":"Server running in development mode on port 5001","service":"mobile-shop-ms","timestamp":"2026-08-25 21:50:11"}
{"level":"info","message":"Connected to MongoDB: mobile_shop_ms","service":"mobile-shop-ms","timestamp":"2026-08-25 21:52:04"}
{"level":"info","message":"Server running in development mode on port 5001","service":"mobile-shop-ms","timestamp":"2026-08-25 21:52:04"}
{"level":"info","message":"Connected to MongoDB: mobile_shop_ms","service":"mobile-shop-ms","timestamp":"2026-08-25 21:52:07"}
{"level":"info","message":"Server running in development mode on port 5001","service":"mobile-shop-ms","timestamp":"2026-08-25 21:52:07"}
{"level":"info","message":"Connected to MongoDB: mobile_shop_ms","service":"mobile-shop-ms","timestamp":"2026-08-25 22:20:58"}
{"level":"info","message":"Server running in development mode on port 5001","service":"mobile-shop-ms","timestamp":"2026-08-25 22:20:58"}
{"level":"info","message":"Connected to MongoDB: mobile_shop_ms","service":"mobile-shop-ms","timestamp":"2026-08-25 22:22:10"}
{"level":"info","message":"Server running in development mode on port 5001","service":"mobile-shop-ms","timestamp":"2026-08-25 22:22:10"}
{"level":"info","message":"Connected to MongoDB: mobile_shop_ms","service":"mobile-shop-ms","timestamp":"2026-08-25 22:22:16"}
{"level":"info","message":"Server running in development mode on port 5001","service":"mobile-shop-ms","timestamp":"2026-08-25 22:22:16"}
{"level":"info","message":"Connected to MongoDB: mobile_shop_ms","service":"mobile-shop-ms","timestamp":"2026-08-25 22:24:08"}
{"level":"info","message":"Server running in development mode on port 5001","service":"mobile-shop-ms","timestamp":"2026-08-25 22:24:08"}
{"level":"info","message":"Connected to MongoDB: mobile_shop_ms","service":"mobile-shop-ms","timestamp":"2026-08-25 22:24:13"}
{"level":"info","message":"Server running in development mode on port 5001","service":"mobile-shop-ms","timestamp":"2026-08-25 22:24:13"}
{"level":"info","message":"Connected to MongoDB: mobile_shop_ms","service":"mobile-shop-ms","timestamp":"2026-08-25 22:25:09"}
{"level":"info","message":"Server running in development mode on port 5001","service":"mobile-shop-ms","timestamp":"2026-08-25 22:25:09"}
{"level":"info","message":"Connected to MongoDB: mobile_shop_ms","service":"mobile-shop-ms","timestamp":"2026-08-25 22:27:06"}
{"level":"info","message":"Server running in development mode on port 5001","service":"mobile-shop-ms","timestamp":"2026-08-25 22:27:06"}
{"level":"info","message":"Connected to MongoDB: mobile_shop_ms","service":"mobile-shop-ms","timestamp":"2026-08-25 22:27:08"}
{"level":"info","message":"Server running in development mode on port 5001","service":"mobile-shop-ms","timestamp":"2026-08-25 22:27:08"}
{"level":"info","message":"Connected to MongoDB: mobile_shop_ms","service":"mobile-shop-ms","timestamp":"2026-08-25 22:29:11"}
{"level":"info","message":"Server running in development mode on port 5001","service":"mobile-shop-ms","timestamp":"2026-08-25 22:29:11"}
{"level":"info","message":"Connected to MongoDB: mobile_shop_ms","service":"mobile-shop-ms","timestamp":"2026-08-25 22:29:14"}
{"level":"info","message":"Server running in development mode on port 5001","service":"mobile-shop-ms","timestamp":"2026-08-25 22:29:14"}
{"level":"info","message":"Connected to MongoDB: mobile_shop_ms","service":"mobile-shop-ms","timestamp":"2026-08-25 22:30:08"}
{"level":"info","message":"Server running in development mode on port 5001","service":"mobile-shop-ms","timestamp":"2026-08-25 22:30:08"}
{"level":"info","message":"Connected to MongoDB: mobile_shop_ms","service":"mobile-shop-ms","timestamp":"2026-08-25 22:30:11"}
{"level":"info","message":"Server running in development mode on port 5001","service":"mobile-shop-ms","timestamp":"2026-08-25 22:30:11"}
{"level":"info","message":"Connected to MongoDB: mobile_shop_ms","service":"mobile-shop-ms","timestamp":"2026-08-25 22:32:09"}
{"level":"info","message":"Server running in development mode on port 5001","service":"mobile-shop-ms","timestamp":"2026-08-25 22:32:09"}
{"level":"info","message":"Connected to MongoDB: mobile_shop_ms","service":"mobile-shop-ms","timestamp":"2026-08-25 22:33:08"}
{"level":"info","message":"Server running in development mode on port 5001","service":"mobile-shop-ms","timestamp":"2026-08-25 22:33:08"}
{"level":"info","message":"Connected to MongoDB: mobile_shop_ms","service":"mobile-shop-ms","timestamp":"2026-08-25 22:34:11"}
{"level":"info","message":"Server running in development mode on port 5001","service":"mobile-shop-ms","timestamp":"2026-08-25 22:34:11"}
{"level":"info","message":"Connected to MongoDB: mobile_shop_ms","service":"mobile-shop-ms","timestamp":"2026-08-25 22:35:12"}
{"level":"info","message":"Server running in development mode on port 5001","service":"mobile-shop-ms","timestamp":"2026-08-25 22:35:12"}
{"level":"info","message":"Connected to MongoDB: mobile_shop_ms","service":"mobile-shop-ms","timestamp":"2026-08-25 22:37:15"}
{"level":"info","message":"Server running in development mode on port 5001","service":"mobile-shop-ms","timestamp":"2026-08-25 22:37:15"}
{"code":66,"errorLabelSet":{},"errorResponse":{"code":66,"errmsg":"Performing an update on the path '_id' would modify the immutable field '_id'","index":0},"index":0,"level":"error","message":"Performing an update on the path '_id' would modify the immutable field '_id'","service":"mobile-shop-ms","stack":"MongoServerError: Performing an update on the path '_id' would modify the immutable field '_id'\n    at UpdateOneOperation.handleOk (/Users/mohammadwasif/code/l-int/msm/backend/node_modules/mongodb/lib/operations/update.js:74:19)\n    at executeOperationWithRetries (/Users/mohammadwasif/code/l-int/msm/backend/node_modules/mongodb/lib/operations/execute_operation.js:218:34)\n    at process.processTicksAndRejections (node:internal/process/task_queues:95:5)\n    at async executeOperation (/Users/mohammadwasif/code/l-int/msm/backend/node_modules/mongodb/lib/operations/execute_operation.js:85:16)\n    at async Collection.updateOne (/Users/mohammadwasif/code/l-int/msm/backend/node_modules/mongodb/lib/collection.js:238:16)\n    at async Object.update (/Users/mohammadwasif/code/l-int/msm/backend/repositories/expense.repository.js:16:10)\n    at async Object.updateExpense (/Users/mohammadwasif/code/l-int/msm/backend/services/expense.service.js:12:10)\n    at async updateExpense (/Users/mohammadwasif/code/l-int/msm/backend/controllers/expense.controller.js:24:5)","timestamp":"2026-08-25 23:02:40"}
{"code":66,"errorLabelSet":{},"errorResponse":{"code":66,"errmsg":"Performing an update on the path '_id' would modify the immutable field '_id'","index":0},"index":0,"level":"error","message":"Performing an update on the path '_id' would modify the immutable field '_id'","service":"mobile-shop-ms","stack":"MongoServerError: Performing an update on the path '_id' would modify the immutable field '_id'\n    at UpdateOneOperation.handleOk (/Users/mohammadwasif/code/l-int/msm/backend/node_modules/mongodb/lib/operations/update.js:74:19)\n    at executeOperationWithRetries (/Users/mohammadwasif/code/l-int/msm/backend/node_modules/mongodb/lib/operations/execute_operation.js:218:34)\n    at process.processTicksAndRejections (node:internal/process/task_queues:95:5)\n    at async executeOperation (/Users/mohammadwasif/code/l-int/msm/backend/node_modules/mongodb/lib/operations/execute_operation.js:85:16)\n    at async Collection.updateOne (/Users/mohammadwasif/code/l-int/msm/backend/node_modules/mongodb/lib/collection.js:238:16)\n    at async Object.update (/Users/mohammadwasif/code/l-int/msm/backend/repositories/expense.repository.js:16:10)\n    at async Object.updateExpense (/Users/mohammadwasif/code/l-int/msm/backend/services/expense.service.js:12:10)\n    at async updateExpense (/Users/mohammadwasif/code/l-int/msm/backend/controllers/expense.controller.js:24:5)","timestamp":"2026-08-25 23:02:48"}
{"code":66,"errorLabelSet":{},"errorResponse":{"code":66,"errmsg":"Performing an update on the path '_id' would modify the immutable field '_id'","index":0},"index":0,"level":"error","message":"Performing an update on the path '_id' would modify the immutable field '_id'","service":"mobile-shop-ms","stack":"MongoServerError: Performing an update on the path '_id' would modify the immutable field '_id'\n    at UpdateOneOperation.handleOk (/Users/mohammadwasif/code/l-int/msm/backend/node_modules/mongodb/lib/operations/update.js:74:19)\n    at executeOperationWithRetries (/Users/mohammadwasif/code/l-int/msm/backend/node_modules/mongodb/lib/operations/execute_operation.js:218:34)\n    at process.processTicksAndRejections (node:internal/process/task_queues:95:5)\n    at async executeOperation (/Users/mohammadwasif/code/l-int/msm/backend/node_modules/mongodb/lib/operations/execute_operation.js:85:16)\n    at async Collection.updateOne (/Users/mohammadwasif/code/l-int/msm/backend/node_modules/mongodb/lib/collection.js:238:16)\n    at async Object.update (/Users/mohammadwasif/code/l-int/msm/backend/repositories/repair.repository.js:16:10)\n    at async Object.updateRepair (/Users/mohammadwasif/code/l-int/msm/backend/services/repair.service.js:12:10)\n    at async updateRepair (/Users/mohammadwasif/code/l-int/msm/backend/controllers/repair.controller.js:24:5)","timestamp":"2026-08-25 23:26:21"}
{"code":66,"errorLabelSet":{},"errorResponse":{"code":66,"errmsg":"Performing an update on the path '_id' would modify the immutable field '_id'","index":0},"index":0,"level":"error","message":"Performing an update on the path '_id' would modify the immutable field '_id'","service":"mobile-shop-ms","stack":"MongoServerError: Performing an update on the path '_id' would modify the immutable field '_id'\n    at UpdateOneOperation.handleOk (/Users/mohammadwasif/code/l-int/msm/backend/node_modules/mongodb/lib/operations/update.js:74:19)\n    at executeOperationWithRetries (/Users/mohammadwasif/code/l-int/msm/backend/node_modules/mongodb/lib/operations/execute_operation.js:218:34)\n    at process.processTicksAndRejections (node:internal/process/task_queues:95:5)\n    at async executeOperation (/Users/mohammadwasif/code/l-int/msm/backend/node_modules/mongodb/lib/operations/execute_operation.js:85:16)\n    at async Collection.updateOne (/Users/mohammadwasif/code/l-int/msm/backend/node_modules/mongodb/lib/collection.js:238:16)\n    at async Object.update (/Users/mohammadwasif/code/l-int/msm/backend/repositories/product.repository.js:16:10)\n    at async Object.updateProduct (/Users/mohammadwasif/code/l-int/msm/backend/services/product.service.js:13:10)\n    at async updateProduct (/Users/mohammadwasif/code/l-int/msm/backend/controllers/product.controller.js:24:5)","timestamp":"2026-08-26 17:49:40"}
{"level":"info","message":"Connected to MongoDB: mobile_shop_ms","service":"mobile-shop-ms","timestamp":"2026-08-26 17:55:15"}
{"level":"info","message":"Server running in development mode on port 5001","service":"mobile-shop-ms","timestamp":"2026-08-26 17:55:15"}
{"level":"info","message":"Connected to MongoDB: mobile_shop_ms","service":"mobile-shop-ms","timestamp":"2026-08-26 17:57:13"}
{"level":"info","message":"Server running in development mode on port 5001","service":"mobile-shop-ms","timestamp":"2026-08-26 17:57:13"}
{"level":"info","message":"Connected to MongoDB: mobile_shop_ms","service":"mobile-shop-ms","timestamp":"2026-08-26 18:05:13"}
{"level":"info","message":"Server running in development mode on port 5001","service":"mobile-shop-ms","timestamp":"2026-08-26 18:05:13"}
{"level":"info","message":"Connected to MongoDB: mobile_shop_ms","service":"mobile-shop-ms","timestamp":"2026-08-26 18:07:10"}
{"level":"info","message":"Server running in development mode on port 5001","service":"mobile-shop-ms","timestamp":"2026-08-26 18:07:10"}
{"level":"info","message":"Connected to MongoDB: mobile_shop_ms","service":"mobile-shop-ms","timestamp":"2026-09-12 22:26:48"}
{"level":"info","message":"Server running in development mode on port 5001","service":"mobile-shop-ms","timestamp":"2026-09-12 22:26:48"}
{"level":"info","message":"Connected to MongoDB: mobile_shop_ms","service":"mobile-shop-ms","timestamp":"2026-09-12 22:30:44"}
{"level":"info","message":"Server running in development mode on port 5001","service":"mobile-shop-ms","timestamp":"2026-09-12 22:30:44"}
{"level":"info","message":"Connected to MongoDB: ms-db","service":"mobile-shop-ms","timestamp":"2026-09-13 10:48:21"}
{"level":"info","message":"Server running in development mode on port 5000","service":"mobile-shop-ms","timestamp":"2026-09-13 10:48:21"}
{"level":"info","message":"Connected to MongoDB: ms-db","service":"mobile-shop-ms","timestamp":"2026-09-13 10:51:35"}
{"level":"info","message":"Permissions seeded successfully.","service":"mobile-shop-ms","timestamp":"2026-09-13 10:51:35"}
{"level":"info","message":"Roles seeded successfully.","service":"mobile-shop-ms","timestamp":"2026-09-13 10:51:35"}
{"level":"info","message":"Super Admin seeded successfully.","service":"mobile-shop-ms","timestamp":"2026-09-13 10:51:35"}
{"level":"info","message":"Connected to MongoDB: ms-db","service":"mobile-shop-ms","timestamp":"2026-09-13 10:51:40"}
{"level":"info","message":"Server running in development mode on port 5000","service":"mobile-shop-ms","timestamp":"2026-09-13 10:51:40"}
{"level":"info","message":"Connected to MongoDB: ms-db","service":"mobile-shop-ms","timestamp":"2026-09-13 10:53:15"}
{"level":"info","message":"Permissions seeded successfully.","service":"mobile-shop-ms","timestamp":"2026-09-13 10:53:15"}
{"level":"info","message":"Roles seeded successfully.","service":"mobile-shop-ms","timestamp":"2026-09-13 10:53:15"}
{"level":"info","message":"Super Admin seeded successfully.","service":"mobile-shop-ms","timestamp":"2026-09-13 10:53:15"}
{"level":"info","message":"Connected to MongoDB: ms-db","service":"mobile-shop-ms","timestamp":"2026-09-13 10:53:20"}
{"level":"info","message":"Server running in development mode on port 5000","service":"mobile-shop-ms","timestamp":"2026-09-13 10:53:20"}
{"level":"info","message":"Connected to MongoDB: ms-db","service":"mobile-shop-ms","timestamp":"2026-09-13 11:14:18"}
{"level":"info","message":"Server running in development mode on port 5000","service":"mobile-shop-ms","timestamp":"2026-09-13 11:14:18"}
{"level":"info","message":"Connected to MongoDB: ms-db","service":"mobile-shop-ms","timestamp":"2026-09-13 11:14:32"}
{"level":"info","message":"Server running in development mode on port 5000","service":"mobile-shop-ms","timestamp":"2026-09-13 11:14:32"}
{"level":"info","message":"Connected to MongoDB: ms-db","service":"ms-api","timestamp":"2026-09-13 11:17:24"}
{"level":"info","message":"Server running in development mode on port 5000","service":"ms-api","timestamp":"2026-09-13 11:17:24"}
{"level":"info","message":"Connected to MongoDB: ms-db","service":"ms-api","timestamp":"2026-09-13 11:24:29"}
{"level":"info","message":"Server running in development mode on port 5000","service":"ms-api","timestamp":"2026-09-13 11:24:29"}
{"level":"info","message":"Connected to MongoDB: ms-db","service":"ms-api","timestamp":"2026-09-13 11:28:32"}
{"level":"info","message":"Server running in development mode on port 5000","service":"ms-api","timestamp":"2026-09-13 11:28:32"}
{"level":"info","message":"Connected to MongoDB: ms-db","service":"ms-api","timestamp":"2026-09-13 11:30:48"}
{"level":"info","message":"Server running in development mode on port 5000","service":"ms-api","timestamp":"2026-09-13 11:30:48"}
{"level":"info","message":"Connected to MongoDB: ms-db","service":"ms-api","timestamp":"2026-09-13 11:31:00"}
{"level":"info","message":"Server running in development mode on port 5000","service":"ms-api","timestamp":"2026-09-13 11:31:00"}
{"level":"info","message":"Connected to MongoDB: ms-db","service":"ms-api","timestamp":"2026-09-13 11:31:13"}
{"level":"info","message":"Server running in development mode on port 5000","service":"ms-api","timestamp":"2026-09-13 11:31:13"}
{"level":"info","message":"Connected to MongoDB: ms-db","service":"ms-api","timestamp":"2026-09-13 11:32:37"}
{"level":"info","message":"Server running in development mode on port 5000","service":"ms-api","timestamp":"2026-09-13 11:32:37"}
{"level":"info","message":"Connected to MongoDB: ms-db","service":"ms-api","timestamp":"2026-09-13 11:32:50"}
{"level":"info","message":"Server running in development mode on port 5000","service":"ms-api","timestamp":"2026-09-13 11:32:50"}
{"level":"info","message":"Connected to MongoDB: ms-db","service":"ms-api","timestamp":"2026-09-13 11:33:32"}
{"level":"info","message":"Server running in development mode on port 5000","service":"ms-api","timestamp":"2026-09-13 11:33:32"}
{"level":"info","message":"Connected to MongoDB: ms-db","service":"ms-api","timestamp":"2026-09-13 11:33:40"}
{"level":"info","message":"Server running in development mode on port 5000","service":"ms-api","timestamp":"2026-09-13 11:33:40"}
{"level":"info","message":"Connected to MongoDB: ms-db","service":"ms-api","timestamp":"2026-09-13 11:33:53"}
{"level":"info","message":"Server running in development mode on port 5000","service":"ms-api","timestamp":"2026-09-13 11:33:53"}
{"level":"info","message":"Connected to MongoDB: ms-db","service":"ms-api","timestamp":"2026-09-13 11:35:09"}
{"level":"info","message":"Server running in development mode on port 5000","service":"ms-api","timestamp":"2026-09-13 11:35:09"}
{"level":"info","message":"Connected to MongoDB: ms-db","service":"ms-api","timestamp":"2026-09-13 11:39:15"}
{"level":"info","message":"Server running in development mode on port 5000","service":"ms-api","timestamp":"2026-09-13 11:39:15"}
{"level":"info","message":"Connected to MongoDB: ms-db","service":"ms-api","timestamp":"2026-09-13 11:39:56"}
{"level":"info","message":"Server running in development mode on port 5000","service":"ms-api","timestamp":"2026-09-13 11:39:56"}
{"level":"info","message":"Connected to MongoDB: ms-db","service":"ms-api","timestamp":"2026-09-13 11:44:15"}
{"level":"info","message":"Server running in development mode on port 5000","service":"ms-api","timestamp":"2026-09-13 11:44:15"}
{"level":"info","message":"Connected to MongoDB: ms-db","service":"ms-api","timestamp":"2026-09-13 11:44:23"}
{"level":"info","message":"Server running in development mode on port 5000","service":"ms-api","timestamp":"2026-09-13 11:44:23"}
{"level":"info","message":"Connected to MongoDB: ms-db","service":"ms-api","timestamp":"2026-09-13 11:44:33"}
{"level":"info","message":"Server running in development mode on port 5000","service":"ms-api","timestamp":"2026-09-13 11:44:33"}
{"level":"info","message":"Connected to MongoDB: ms-db","service":"ms-api","timestamp":"2026-09-13 11:46:36"}
{"level":"info","message":"Server running in development mode on port 5000","service":"ms-api","timestamp":"2026-09-13 11:46:36"}
{"level":"info","message":"Connected to MongoDB: ms-db","service":"ms-api","timestamp":"2026-09-13 11:46:48"}
{"level":"info","message":"Server running in development mode on port 5000","service":"ms-api","timestamp":"2026-09-13 11:46:48"}
{"level":"info","message":"Connected to MongoDB: ms-db","service":"ms-api","timestamp":"2026-09-13 11:48:22"}
{"level":"info","message":"Server running in development mode on port 5000","service":"ms-api","timestamp":"2026-09-13 11:48:22"}
{"level":"info","message":"Connected to MongoDB: ms-db","service":"ms-api","timestamp":"2026-09-13 11:50:19"}
{"level":"info","message":"Server running in development mode on port 5000","service":"ms-api","timestamp":"2026-09-13 11:50:19"}
{"level":"info","message":"Connected to MongoDB: ms-db","service":"ms-api","timestamp":"2026-09-13 11:50:38"}
{"level":"info","message":"Server running in development mode on port 5000","service":"ms-api","timestamp":"2026-09-13 11:50:38"}
{"level":"info","message":"Connected to MongoDB: ms-db","service":"ms-api","timestamp":"2026-09-13 11:53:30"}
{"level":"info","message":"Server running in development mode on port 5000","service":"ms-api","timestamp":"2026-09-13 11:53:30"}
{"level":"info","message":"Connected to MongoDB: ms-db","service":"ms-api","timestamp":"2026-09-13 11:53:56"}
{"level":"info","message":"Server running in development mode on port 5000","service":"ms-api","timestamp":"2026-09-13 11:53:56"}
{"level":"info","message":"Connected to MongoDB: ms-db","service":"ms-api","timestamp":"2026-09-13 11:54:05"}
{"level":"info","message":"Server running in development mode on port 5000","service":"ms-api","timestamp":"2026-09-13 11:54:05"}
{"level":"info","message":"Connected to MongoDB: ms-db","service":"ms-api","timestamp":"2026-09-13 11:54:24"}
{"level":"info","message":"Server running in development mode on port 5000","service":"ms-api","timestamp":"2026-09-13 11:54:24"}
{"level":"info","message":"Connected to MongoDB: ms-db","service":"ms-api","timestamp":"2026-09-13 11:55:24"}
{"level":"info","message":"Server running in development mode on port 5000","service":"ms-api","timestamp":"2026-09-13 11:55:24"}
{"level":"info","message":"Connected to MongoDB: ms-db","service":"ms-api","timestamp":"2026-09-13 11:56:39"}
{"level":"info","message":"Server running in development mode on port 5000","service":"ms-api","timestamp":"2026-09-13 11:56:39"}
{"level":"info","message":"Connected to MongoDB: ms-db","service":"ms-api","timestamp":"2026-09-13 11:59:21"}
{"level":"info","message":"Server running in development mode on port 5000","service":"ms-api","timestamp":"2026-09-13 11:59:21"}
{"level":"info","message":"Connected to MongoDB: ms-db","service":"ms-api","timestamp":"2026-09-13 12:03:48"}
{"level":"info","message":"Server running in development mode on port 5001","service":"ms-api","timestamp":"2026-09-13 12:03:48"}
{"level":"info","message":"Connected to MongoDB: ms-db","service":"ms-api","timestamp":"2026-09-13 12:52:29"}
{"level":"info","message":"Server running in development mode on port 5001","service":"ms-api","timestamp":"2026-09-13 12:52:29"}
{"level":"info","message":"Connected to MongoDB: ms-db","service":"ms-api","timestamp":"2026-09-13 12:52:48"}
{"level":"info","message":"Server running in development mode on port 5001","service":"ms-api","timestamp":"2026-09-13 12:52:48"}
{"level":"info","message":"Connected to MongoDB: ms-db","service":"ms-api","timestamp":"2026-09-13 12:53:35"}
{"level":"info","message":"Server running in development mode on port 5001","service":"ms-api","timestamp":"2026-09-13 12:53:35"}
{"level":"info","message":"Connected to MongoDB: ms-db","service":"ms-api","timestamp":"2026-09-13 13:29:16"}
{"level":"info","message":"Server running in development mode on port 5001","service":"ms-api","timestamp":"2026-09-13 13:29:16"}
{"level":"info","message":"Connected to MongoDB: ms-db","service":"ms-api","timestamp":"2026-09-13 13:32:59"}
{"level":"info","message":"Server running in production mode on port 5001","service":"ms-api","timestamp":"2026-09-13 13:32:59"}
{"level":"info","message":"Connected to MongoDB: ms-db","service":"ms-api","timestamp":"2026-09-13 13:33:28"}
{"level":"info","message":"Server running in production mode on port 5001","service":"ms-api","timestamp":"2026-09-13 13:33:28"}
{"level":"info","message":"::1 - - [13/Sep/2026:08:03:45 +0000] \"GET / HTTP/1.1\" 200 492 \"-\" \"Mozilla/5.0 (Macintosh; Intel Mac OS X 10_15_7) AppleWebKit/537.36 (KHTML, like Gecko) Chrome/153.0.0.0 Safari/537.36\"","service":"ms-api","timestamp":"2026-09-13 13:33:45"}
{"level":"error","message":"CORS Policy: http://localhost:5001 is not authorized in production mode.","service":"ms-api","stack":"Error: CORS Policy: http://localhost:5001 is not authorized in production mode.\n    at origin (/Users/mohammadwasif/code/l-int/msm/ms-api/config/cors-options.js:21:21)\n    at /Users/mohammadwasif/code/l-int/msm/ms-api/node_modules/cors/lib/index.js:219:13\n    at optionsCallback (/Users/mohammadwasif/code/l-int/msm/ms-api/node_modules/cors/lib/index.js:199:9)\n    at corsMiddleware (/Users/mohammadwasif/code/l-int/msm/ms-api/node_modules/cors/lib/index.js:204:7)\n    at Layer.handleRequest (/Users/mohammadwasif/code/l-int/msm/ms-api/node_modules/router/lib/layer.js:152:17)\n    at trimPrefix (/Users/mohammadwasif/code/l-int/msm/ms-api/node_modules/router/index.js:342:13)\n    at /Users/mohammadwasif/code/l-int/msm/ms-api/node_modules/router/index.js:297:9\n    at processParams (/Users/mohammadwasif/code/l-int/msm/ms-api/node_modules/router/index.js:582:12)\n    at next (/Users/mohammadwasif/code/l-int/msm/ms-api/node_modules/router/index.js:291:5)\n    at Function.handle (/Users/mohammadwasif/code/l-int/msm/ms-api/node_modules/router/index.js:186:3)","timestamp":"2026-09-13 13:33:45"}
{"level":"error","message":"CORS Policy: http://localhost:5001 is not authorized in production mode.","service":"ms-api","stack":"Error: CORS Policy: http://localhost:5001 is not authorized in production mode.\n    at origin (/Users/mohammadwasif/code/l-int/msm/ms-api/config/cors-options.js:21:21)\n    at /Users/mohammadwasif/code/l-int/msm/ms-api/node_modules/cors/lib/index.js:219:13\n    at optionsCallback (/Users/mohammadwasif/code/l-int/msm/ms-api/node_modules/cors/lib/index.js:199:9)\n    at corsMiddleware (/Users/mohammadwasif/code/l-int/msm/ms-api/node_modules/cors/lib/index.js:204:7)\n    at Layer.handleRequest (/Users/mohammadwasif/code/l-int/msm/ms-api/node_modules/router/lib/layer.js:152:17)\n    at trimPrefix (/Users/mohammadwasif/code/l-int/msm/ms-api/node_modules/router/index.js:342:13)\n    at /Users/mohammadwasif/code/l-int/msm/ms-api/node_modules/router/index.js:297:9\n    at processParams (/Users/mohammadwasif/code/l-int/msm/ms-api/node_modules/router/index.js:582:12)\n    at next (/Users/mohammadwasif/code/l-int/msm/ms-api/node_modules/router/index.js:291:5)\n    at Function.handle (/Users/mohammadwasif/code/l-int/msm/ms-api/node_modules/router/index.js:186:3)","timestamp":"2026-09-13 13:33:45"}
{"level":"info","message":"::1 - - [13/Sep/2026:08:03:45 +0000] \"GET /wa_favicon.png HTTP/1.1\" 200 316509 \"-\" \"Mozilla/5.0 (Macintosh; Intel Mac OS X 10_15_7) AppleWebKit/537.36 (KHTML, like Gecko) Chrome/153.0.0.0 Safari/537.36\"","service":"ms-api","timestamp":"2026-09-13 13:33:45"}
{"level":"info","message":"::1 - - [13/Sep/2026:08:03:50 +0000] \"GET /assets/index-CGWBFYla.css HTTP/1.1\" 200 234573 \"-\" \"Mozilla/5.0 (Macintosh; Intel Mac OS X 10_15_7) AppleWebKit/537.36 (KHTML, like Gecko) Chrome/153.0.0.0 Safari/537.36\"","service":"ms-api","timestamp":"2026-09-13 13:33:50"}
{"level":"info","message":"::1 - - [13/Sep/2026:08:03:50 +0000] \"GET /.well-known/appspecific/com.chrome.devtools.json HTTP/1.1\" 200 492 \"-\" \"Mozilla/5.0 (Macintosh; Intel Mac OS X 10_15_7) AppleWebKit/537.36 (KHTML, like Gecko) Chrome/153.0.0.0 Safari/537.36\"","service":"ms-api","timestamp":"2026-09-13 13:33:50"}
{"level":"info","message":"::1 - - [13/Sep/2026:08:03:54 +0000] \"GET / HTTP/1.1\" 304 - \"-\" \"Mozilla/5.0 (Macintosh; Intel Mac OS X 10_15_7) AppleWebKit/537.36 (KHTML, like Gecko) Chrome/153.0.0.0 Safari/537.36\"","service":"ms-api","timestamp":"2026-09-13 13:33:54"}
{"level":"error","message":"CORS Policy: http://localhost:5001 is not authorized in production mode.","service":"ms-api","stack":"Error: CORS Policy: http://localhost:5001 is not authorized in production mode.\n    at origin (/Users/mohammadwasif/code/l-int/msm/ms-api/config/cors-options.js:21:21)\n    at /Users/mohammadwasif/code/l-int/msm/ms-api/node_modules/cors/lib/index.js:219:13\n    at optionsCallback (/Users/mohammadwasif/code/l-int/msm/ms-api/node_modules/cors/lib/index.js:199:9)\n    at corsMiddleware (/Users/mohammadwasif/code/l-int/msm/ms-api/node_modules/cors/lib/index.js:204:7)\n    at Layer.handleRequest (/Users/mohammadwasif/code/l-int/msm/ms-api/node_modules/router/lib/layer.js:152:17)\n    at trimPrefix (/Users/mohammadwasif/code/l-int/msm/ms-api/node_modules/router/index.js:342:13)\n    at /Users/mohammadwasif/code/l-int/msm/ms-api/node_modules/router/index.js:297:9\n    at processParams (/Users/mohammadwasif/code/l-int/msm/ms-api/node_modules/router/index.js:582:12)\n    at next (/Users/mohammadwasif/code/l-int/msm/ms-api/node_modules/router/index.js:291:5)\n    at Function.handle (/Users/mohammadwasif/code/l-int/msm/ms-api/node_modules/router/index.js:186:3)","timestamp":"2026-09-13 13:33:54"}
{"level":"error","message":"CORS Policy: http://localhost:5001 is not authorized in production mode.","service":"ms-api","stack":"Error: CORS Policy: http://localhost:5001 is not authorized in production mode.\n    at origin (/Users/mohammadwasif/code/l-int/msm/ms-api/config/cors-options.js:21:21)\n    at /Users/mohammadwasif/code/l-int/msm/ms-api/node_modules/cors/lib/index.js:219:13\n    at optionsCallback (/Users/mohammadwasif/code/l-int/msm/ms-api/node_modules/cors/lib/index.js:199:9)\n    at corsMiddleware (/Users/mohammadwasif/code/l-int/msm/ms-api/node_modules/cors/lib/index.js:204:7)\n    at Layer.handleRequest (/Users/mohammadwasif/code/l-int/msm/ms-api/node_modules/router/lib/layer.js:152:17)\n    at trimPrefix (/Users/mohammadwasif/code/l-int/msm/ms-api/node_modules/router/index.js:342:13)\n    at /Users/mohammadwasif/code/l-int/msm/ms-api/node_modules/router/index.js:297:9\n    at processParams (/Users/mohammadwasif/code/l-int/msm/ms-api/node_modules/router/index.js:582:12)\n    at next (/Users/mohammadwasif/code/l-int/msm/ms-api/node_modules/router/index.js:291:5)\n    at Function.handle (/Users/mohammadwasif/code/l-int/msm/ms-api/node_modules/router/index.js:186:3)","timestamp":"2026-09-13 13:33:54"}
{"level":"info","message":"::1 - - [13/Sep/2026:08:03:54 +0000] \"GET /.well-known/appspecific/com.chrome.devtools.json HTTP/1.1\" 304 - \"-\" \"Mozilla/5.0 (Macintosh; Intel Mac OS X 10_15_7) AppleWebKit/537.36 (KHTML, like Gecko) Chrome/153.0.0.0 Safari/537.36\"","service":"ms-api","timestamp":"2026-09-13 13:33:54"}
{"level":"info","message":"Connected to MongoDB: ms-db","service":"ms-api","timestamp":"2026-09-13 13:34:53"}
{"level":"info","message":"Server running in production mode on port 5001","service":"ms-api","timestamp":"2026-09-13 13:34:53"}
{"level":"error","message":"CORS Policy: http://localhost:5001 is not authorized in production mode.","service":"ms-api","stack":"Error: CORS Policy: http://localhost:5001 is not authorized in production mode.\n    at origin (/Users/mohammadwasif/code/l-int/msm/ms-api/config/cors-options.js:21:21)\n    at /Users/mohammadwasif/code/l-int/msm/ms-api/node_modules/cors/lib/index.js:219:13\n    at optionsCallback (/Users/mohammadwasif/code/l-int/msm/ms-api/node_modules/cors/lib/index.js:199:9)\n    at corsMiddleware (/Users/mohammadwasif/code/l-int/msm/ms-api/node_modules/cors/lib/index.js:204:7)\n    at Layer.handleRequest (/Users/mohammadwasif/code/l-int/msm/ms-api/node_modules/router/lib/layer.js:152:17)\n    at trimPrefix (/Users/mohammadwasif/code/l-int/msm/ms-api/node_modules/router/index.js:342:13)\n    at /Users/mohammadwasif/code/l-int/msm/ms-api/node_modules/router/index.js:297:9\n    at processParams (/Users/mohammadwasif/code/l-int/msm/ms-api/node_modules/router/index.js:582:12)\n    at next (/Users/mohammadwasif/code/l-int/msm/ms-api/node_modules/router/index.js:291:5)\n    at Function.handle (/Users/mohammadwasif/code/l-int/msm/ms-api/node_modules/router/index.js:186:3)","timestamp":"2026-09-13 13:34:59"}
{"level":"error","message":"CORS Policy: http://localhost:5001 is not authorized in production mode.","service":"ms-api","stack":"Error: CORS Policy: http://localhost:5001 is not authorized in production mode.\n    at origin (/Users/mohammadwasif/code/l-int/msm/ms-api/config/cors-options.js:21:21)\n    at /Users/mohammadwasif/code/l-int/msm/ms-api/node_modules/cors/lib/index.js:219:13\n    at optionsCallback (/Users/mohammadwasif/code/l-int/msm/ms-api/node_modules/cors/lib/index.js:199:9)\n    at corsMiddleware (/Users/mohammadwasif/code/l-int/msm/ms-api/node_modules/cors/lib/index.js:204:7)\n    at Layer.handleRequest (/Users/mohammadwasif/code/l-int/msm/ms-api/node_modules/router/lib/layer.js:152:17)\n    at trimPrefix (/Users/mohammadwasif/code/l-int/msm/ms-api/node_modules/router/index.js:342:13)\n    at /Users/mohammadwasif/code/l-int/msm/ms-api/node_modules/router/index.js:297:9\n    at processParams (/Users/mohammadwasif/code/l-int/msm/ms-api/node_modules/router/index.js:582:12)\n    at next (/Users/mohammadwasif/code/l-int/msm/ms-api/node_modules/router/index.js:291:5)\n    at Function.handle (/Users/mohammadwasif/code/l-int/msm/ms-api/node_modules/router/index.js:186:3)","timestamp":"2026-09-13 13:34:59"}
{"level":"info","message":"::1 - - [13/Sep/2026:08:04:59 +0000] \"GET /.well-known/appspecific/com.chrome.devtools.json HTTP/1.1\" 404 187 \"-\" \"Mozilla/5.0 (Macintosh; Intel Mac OS X 10_15_7) AppleWebKit/537.36 (KHTML, like Gecko) Chrome/153.0.0.0 Safari/537.36\"","service":"ms-api","timestamp":"2026-09-13 13:34:59"}
{"level":"info","message":"Connected to MongoDB: ms-db","service":"ms-api","timestamp":"2026-09-13 13:35:17"}
{"level":"info","message":"Server running in production mode on port 5001","service":"ms-api","timestamp":"2026-09-13 13:35:17"}
{"level":"info","message":"::1 - - [13/Sep/2026:08:05:23 +0000] \"GET / HTTP/1.1\" 304 - \"-\" \"Mozilla/5.0 (Macintosh; Intel Mac OS X 10_15_7) AppleWebKit/537.36 (KHTML, like Gecko) Chrome/153.0.0.0 Safari/537.36\"","service":"ms-api","timestamp":"2026-09-13 13:35:23"}
{"level":"error","message":"CORS Policy: http://localhost:5001 is not authorized in production mode.","service":"ms-api","stack":"Error: CORS Policy: http://localhost:5001 is not authorized in production mode.\n    at origin (/Users/mohammadwasif/code/l-int/msm/ms-api/config/cors-options.js:21:21)\n    at /Users/mohammadwasif/code/l-int/msm/ms-api/node_modules/cors/lib/index.js:219:13\n    at optionsCallback (/Users/mohammadwasif/code/l-int/msm/ms-api/node_modules/cors/lib/index.js:199:9)\n    at corsMiddleware (/Users/mohammadwasif/code/l-int/msm/ms-api/node_modules/cors/lib/index.js:204:7)\n    at Layer.handleRequest (/Users/mohammadwasif/code/l-int/msm/ms-api/node_modules/router/lib/layer.js:152:17)\n    at trimPrefix (/Users/mohammadwasif/code/l-int/msm/ms-api/node_modules/router/index.js:342:13)\n    at /Users/mohammadwasif/code/l-int/msm/ms-api/node_modules/router/index.js:297:9\n    at processParams (/Users/mohammadwasif/code/l-int/msm/ms-api/node_modules/router/index.js:582:12)\n    at next (/Users/mohammadwasif/code/l-int/msm/ms-api/node_modules/router/index.js:291:5)\n    at Function.handle (/Users/mohammadwasif/code/l-int/msm/ms-api/node_modules/router/index.js:186:3)","timestamp":"2026-09-13 13:35:23"}
{"level":"error","message":"CORS Policy: http://localhost:5001 is not authorized in production mode.","service":"ms-api","stack":"Error: CORS Policy: http://localhost:5001 is not authorized in production mode.\n    at origin (/Users/mohammadwasif/code/l-int/msm/ms-api/config/cors-options.js:21:21)\n    at /Users/mohammadwasif/code/l-int/msm/ms-api/node_modules/cors/lib/index.js:219:13\n    at optionsCallback (/Users/mohammadwasif/code/l-int/msm/ms-api/node_modules/cors/lib/index.js:199:9)\n    at corsMiddleware (/Users/mohammadwasif/code/l-int/msm/ms-api/node_modules/cors/lib/index.js:204:7)\n    at Layer.handleRequest (/Users/mohammadwasif/code/l-int/msm/ms-api/node_modules/router/lib/layer.js:152:17)\n    at trimPrefix (/Users/mohammadwasif/code/l-int/msm/ms-api/node_modules/router/index.js:342:13)\n    at /Users/mohammadwasif/code/l-int/msm/ms-api/node_modules/router/index.js:297:9\n    at processParams (/Users/mohammadwasif/code/l-int/msm/ms-api/node_modules/router/index.js:582:12)\n    at next (/Users/mohammadwasif/code/l-int/msm/ms-api/node_modules/router/index.js:291:5)\n    at Function.handle (/Users/mohammadwasif/code/l-int/msm/ms-api/node_modules/router/index.js:186:3)","timestamp":"2026-09-13 13:35:23"}
{"level":"info","message":"::1 - - [13/Sep/2026:08:05:23 +0000] \"GET /.well-known/appspecific/com.chrome.devtools.json HTTP/1.1\" 200 492 \"-\" \"Mozilla/5.0 (Macintosh; Intel Mac OS X 10_15_7) AppleWebKit/537.36 (KHTML, like Gecko) Chrome/153.0.0.0 Safari/537.36\"","service":"ms-api","timestamp":"2026-09-13 13:35:23"}
{"level":"info","message":"::1 - - [13/Sep/2026:08:07:05 +0000] \"GET / HTTP/1.1\" 304 - \"-\" \"Mozilla/5.0 (Macintosh; Intel Mac OS X 10_15_7) AppleWebKit/537.36 (KHTML, like Gecko) Chrome/153.0.0.0 Safari/537.36\"","service":"ms-api","timestamp":"2026-09-13 13:37:05"}
{"level":"error","message":"CORS Policy: http://localhost:5001 is not authorized in production mode.","service":"ms-api","stack":"Error: CORS Policy: http://localhost:5001 is not authorized in production mode.\n    at origin (/Users/mohammadwasif/code/l-int/msm/ms-api/config/cors-options.js:21:21)\n    at /Users/mohammadwasif/code/l-int/msm/ms-api/node_modules/cors/lib/index.js:219:13\n    at optionsCallback (/Users/mohammadwasif/code/l-int/msm/ms-api/node_modules/cors/lib/index.js:199:9)\n    at corsMiddleware (/Users/mohammadwasif/code/l-int/msm/ms-api/node_modules/cors/lib/index.js:204:7)\n    at Layer.handleRequest (/Users/mohammadwasif/code/l-int/msm/ms-api/node_modules/router/lib/layer.js:152:17)\n    at trimPrefix (/Users/mohammadwasif/code/l-int/msm/ms-api/node_modules/router/index.js:342:13)\n    at /Users/mohammadwasif/code/l-int/msm/ms-api/node_modules/router/index.js:297:9\n    at processParams (/Users/mohammadwasif/code/l-int/msm/ms-api/node_modules/router/index.js:582:12)\n    at next (/Users/mohammadwasif/code/l-int/msm/ms-api/node_modules/router/index.js:291:5)\n    at Function.handle (/Users/mohammadwasif/code/l-int/msm/ms-api/node_modules/router/index.js:186:3)","timestamp":"2026-09-13 13:37:05"}
{"level":"error","message":"CORS Policy: http://localhost:5001 is not authorized in production mode.","service":"ms-api","stack":"Error: CORS Policy: http://localhost:5001 is not authorized in production mode.\n    at origin (/Users/mohammadwasif/code/l-int/msm/ms-api/config/cors-options.js:21:21)\n    at /Users/mohammadwasif/code/l-int/msm/ms-api/node_modules/cors/lib/index.js:219:13\n    at optionsCallback (/Users/mohammadwasif/code/l-int/msm/ms-api/node_modules/cors/lib/index.js:199:9)\n    at corsMiddleware (/Users/mohammadwasif/code/l-int/msm/ms-api/node_modules/cors/lib/index.js:204:7)\n    at Layer.handleRequest (/Users/mohammadwasif/code/l-int/msm/ms-api/node_modules/router/lib/layer.js:152:17)\n    at trimPrefix (/Users/mohammadwasif/code/l-int/msm/ms-api/node_modules/router/index.js:342:13)\n    at /Users/mohammadwasif/code/l-int/msm/ms-api/node_modules/router/index.js:297:9\n    at processParams (/Users/mohammadwasif/code/l-int/msm/ms-api/node_modules/router/index.js:582:12)\n    at next (/Users/mohammadwasif/code/l-int/msm/ms-api/node_modules/router/index.js:291:5)\n    at Function.handle (/Users/mohammadwasif/code/l-int/msm/ms-api/node_modules/router/index.js:186:3)","timestamp":"2026-09-13 13:37:05"}
{"level":"info","message":"::1 - - [13/Sep/2026:08:07:05 +0000] \"GET /.well-known/appspecific/com.chrome.devtools.json HTTP/1.1\" 304 - \"-\" \"Mozilla/5.0 (Macintosh; Intel Mac OS X 10_15_7) AppleWebKit/537.36 (KHTML, like Gecko) Chrome/153.0.0.0 Safari/537.36\"","service":"ms-api","timestamp":"2026-09-13 13:37:05"}
{"level":"info","message":"::1 - - [13/Sep/2026:08:07:12 +0000] \"GET / HTTP/1.1\" 304 - \"-\" \"Mozilla/5.0 (Macintosh; Intel Mac OS X 10_15_7) AppleWebKit/537.36 (KHTML, like Gecko) Chrome/153.0.0.0 Safari/537.36\"","service":"ms-api","timestamp":"2026-09-13 13:37:12"}
{"level":"error","message":"CORS Policy: http://localhost:5001 is not authorized in production mode.","service":"ms-api","stack":"Error: CORS Policy: http://localhost:5001 is not authorized in production mode.\n    at origin (/Users/mohammadwasif/code/l-int/msm/ms-api/config/cors-options.js:21:21)\n    at /Users/mohammadwasif/code/l-int/msm/ms-api/node_modules/cors/lib/index.js:219:13\n    at optionsCallback (/Users/mohammadwasif/code/l-int/msm/ms-api/node_modules/cors/lib/index.js:199:9)\n    at corsMiddleware (/Users/mohammadwasif/code/l-int/msm/ms-api/node_modules/cors/lib/index.js:204:7)\n    at Layer.handleRequest (/Users/mohammadwasif/code/l-int/msm/ms-api/node_modules/router/lib/layer.js:152:17)\n    at trimPrefix (/Users/mohammadwasif/code/l-int/msm/ms-api/node_modules/router/index.js:342:13)\n    at /Users/mohammadwasif/code/l-int/msm/ms-api/node_modules/router/index.js:297:9\n    at processParams (/Users/mohammadwasif/code/l-int/msm/ms-api/node_modules/router/index.js:582:12)\n    at next (/Users/mohammadwasif/code/l-int/msm/ms-api/node_modules/router/index.js:291:5)\n    at Function.handle (/Users/mohammadwasif/code/l-int/msm/ms-api/node_modules/router/index.js:186:3)","timestamp":"2026-09-13 13:37:12"}
{"level":"error","message":"CORS Policy: http://localhost:5001 is not authorized in production mode.","service":"ms-api","stack":"Error: CORS Policy: http://localhost:5001 is not authorized in production mode.\n    at origin (/Users/mohammadwasif/code/l-int/msm/ms-api/config/cors-options.js:21:21)\n    at /Users/mohammadwasif/code/l-int/msm/ms-api/node_modules/cors/lib/index.js:219:13\n    at optionsCallback (/Users/mohammadwasif/code/l-int/msm/ms-api/node_modules/cors/lib/index.js:199:9)\n    at corsMiddleware (/Users/mohammadwasif/code/l-int/msm/ms-api/node_modules/cors/lib/index.js:204:7)\n    at Layer.handleRequest (/Users/mohammadwasif/code/l-int/msm/ms-api/node_modules/router/lib/layer.js:152:17)\n    at trimPrefix (/Users/mohammadwasif/code/l-int/msm/ms-api/node_modules/router/index.js:342:13)\n    at /Users/mohammadwasif/code/l-int/msm/ms-api/node_modules/router/index.js:297:9\n    at processParams (/Users/mohammadwasif/code/l-int/msm/ms-api/node_modules/router/index.js:582:12)\n    at next (/Users/mohammadwasif/code/l-int/msm/ms-api/node_modules/router/index.js:291:5)\n    at Function.handle (/Users/mohammadwasif/code/l-int/msm/ms-api/node_modules/router/index.js:186:3)","timestamp":"2026-09-13 13:37:12"}
{"level":"info","message":"::1 - - [13/Sep/2026:08:07:12 +0000] \"GET /.well-known/appspecific/com.chrome.devtools.json HTTP/1.1\" 304 - \"-\" \"Mozilla/5.0 (Macintosh; Intel Mac OS X 10_15_7) AppleWebKit/537.36 (KHTML, like Gecko) Chrome/153.0.0.0 Safari/537.36\"","service":"ms-api","timestamp":"2026-09-13 13:37:12"}
{"level":"info","message":"::1 - - [13/Sep/2026:08:07:15 +0000] \"GET / HTTP/1.1\" 304 - \"-\" \"Mozilla/5.0 (Macintosh; Intel Mac OS X 10_15_7) AppleWebKit/537.36 (KHTML, like Gecko) Chrome/153.0.0.0 Safari/537.36\"","service":"ms-api","timestamp":"2026-09-13 13:37:15"}
{"level":"error","message":"CORS Policy: http://localhost:5001 is not authorized in production mode.","service":"ms-api","stack":"Error: CORS Policy: http://localhost:5001 is not authorized in production mode.\n    at origin (/Users/mohammadwasif/code/l-int/msm/ms-api/config/cors-options.js:21:21)\n    at /Users/mohammadwasif/code/l-int/msm/ms-api/node_modules/cors/lib/index.js:219:13\n    at optionsCallback (/Users/mohammadwasif/code/l-int/msm/ms-api/node_modules/cors/lib/index.js:199:9)\n    at corsMiddleware (/Users/mohammadwasif/code/l-int/msm/ms-api/node_modules/cors/lib/index.js:204:7)\n    at Layer.handleRequest (/Users/mohammadwasif/code/l-int/msm/ms-api/node_modules/router/lib/layer.js:152:17)\n    at trimPrefix (/Users/mohammadwasif/code/l-int/msm/ms-api/node_modules/router/index.js:342:13)\n    at /Users/mohammadwasif/code/l-int/msm/ms-api/node_modules/router/index.js:297:9\n    at processParams (/Users/mohammadwasif/code/l-int/msm/ms-api/node_modules/router/index.js:582:12)\n    at next (/Users/mohammadwasif/code/l-int/msm/ms-api/node_modules/router/index.js:291:5)\n    at Function.handle (/Users/mohammadwasif/code/l-int/msm/ms-api/node_modules/router/index.js:186:3)","timestamp":"2026-09-13 13:37:15"}
{"level":"error","message":"CORS Policy: http://localhost:5001 is not authorized in production mode.","service":"ms-api","stack":"Error: CORS Policy: http://localhost:5001 is not authorized in production mode.\n    at origin (/Users/mohammadwasif/code/l-int/msm/ms-api/config/cors-options.js:21:21)\n    at /Users/mohammadwasif/code/l-int/msm/ms-api/node_modules/cors/lib/index.js:219:13\n    at optionsCallback (/Users/mohammadwasif/code/l-int/msm/ms-api/node_modules/cors/lib/index.js:199:9)\n    at corsMiddleware (/Users/mohammadwasif/code/l-int/msm/ms-api/node_modules/cors/lib/index.js:204:7)\n    at Layer.handleRequest (/Users/mohammadwasif/code/l-int/msm/ms-api/node_modules/router/lib/layer.js:152:17)\n    at trimPrefix (/Users/mohammadwasif/code/l-int/msm/ms-api/node_modules/router/index.js:342:13)\n    at /Users/mohammadwasif/code/l-int/msm/ms-api/node_modules/router/index.js:297:9\n    at processParams (/Users/mohammadwasif/code/l-int/msm/ms-api/node_modules/router/index.js:582:12)\n    at next (/Users/mohammadwasif/code/l-int/msm/ms-api/node_modules/router/index.js:291:5)\n    at Function.handle (/Users/mohammadwasif/code/l-int/msm/ms-api/node_modules/router/index.js:186:3)","timestamp":"2026-09-13 13:37:15"}
{"level":"info","message":"::1 - - [13/Sep/2026:08:07:15 +0000] \"GET /.well-known/appspecific/com.chrome.devtools.json HTTP/1.1\" 304 - \"-\" \"Mozilla/5.0 (Macintosh; Intel Mac OS X 10_15_7) AppleWebKit/537.36 (KHTML, like Gecko) Chrome/153.0.0.0 Safari/537.36\"","service":"ms-api","timestamp":"2026-09-13 13:37:15"}
{"level":"info","message":"::1 - - [13/Sep/2026:08:07:25 +0000] \"GET /api/reports/dashboard-stats HTTP/1.1\" 401 42 \"http://localhost:5173/\" \"Mozilla/5.0 (Macintosh; Intel Mac OS X 10_15_7) AppleWebKit/537.36 (KHTML, like Gecko) Chrome/153.0.0.0 Safari/537.36\"","service":"ms-api","timestamp":"2026-09-13 13:37:25"}
{"level":"info","message":"::1 - - [13/Sep/2026:08:07:25 +0000] \"POST /api/auth/refresh HTTP/1.1\" 404 156 \"http://localhost:5173/\" \"Mozilla/5.0 (Macintosh; Intel Mac OS X 10_15_7) AppleWebKit/537.36 (KHTML, like Gecko) Chrome/153.0.0.0 Safari/537.36\"","service":"ms-api","timestamp":"2026-09-13 13:37:25"}
{"level":"info","message":"::1 - - [13/Sep/2026:08:07:32 +0000] \"GET / HTTP/1.1\" 304 - \"-\" \"Mozilla/5.0 (Macintosh; Intel Mac OS X 10_15_7) AppleWebKit/537.36 (KHTML, like Gecko) Chrome/153.0.0.0 Safari/537.36\"","service":"ms-api","timestamp":"2026-09-13 13:37:32"}
{"level":"error","message":"CORS Policy: http://localhost:5001 is not authorized in production mode.","service":"ms-api","stack":"Error: CORS Policy: http://localhost:5001 is not authorized in production mode.\n    at origin (/Users/mohammadwasif/code/l-int/msm/ms-api/config/cors-options.js:21:21)\n    at /Users/mohammadwasif/code/l-int/msm/ms-api/node_modules/cors/lib/index.js:219:13\n    at optionsCallback (/Users/mohammadwasif/code/l-int/msm/ms-api/node_modules/cors/lib/index.js:199:9)\n    at corsMiddleware (/Users/mohammadwasif/code/l-int/msm/ms-api/node_modules/cors/lib/index.js:204:7)\n    at Layer.handleRequest (/Users/mohammadwasif/code/l-int/msm/ms-api/node_modules/router/lib/layer.js:152:17)\n    at trimPrefix (/Users/mohammadwasif/code/l-int/msm/ms-api/node_modules/router/index.js:342:13)\n    at /Users/mohammadwasif/code/l-int/msm/ms-api/node_modules/router/index.js:297:9\n    at processParams (/Users/mohammadwasif/code/l-int/msm/ms-api/node_modules/router/index.js:582:12)\n    at next (/Users/mohammadwasif/code/l-int/msm/ms-api/node_modules/router/index.js:291:5)\n    at Function.handle (/Users/mohammadwasif/code/l-int/msm/ms-api/node_modules/router/index.js:186:3)","timestamp":"2026-09-13 13:37:32"}
{"level":"error","message":"CORS Policy: http://localhost:5001 is not authorized in production mode.","service":"ms-api","stack":"Error: CORS Policy: http://localhost:5001 is not authorized in production mode.\n    at origin (/Users/mohammadwasif/code/l-int/msm/ms-api/config/cors-options.js:21:21)\n    at /Users/mohammadwasif/code/l-int/msm/ms-api/node_modules/cors/lib/index.js:219:13\n    at optionsCallback (/Users/mohammadwasif/code/l-int/msm/ms-api/node_modules/cors/lib/index.js:199:9)\n    at corsMiddleware (/Users/mohammadwasif/code/l-int/msm/ms-api/node_modules/cors/lib/index.js:204:7)\n    at Layer.handleRequest (/Users/mohammadwasif/code/l-int/msm/ms-api/node_modules/router/lib/layer.js:152:17)\n    at trimPrefix (/Users/mohammadwasif/code/l-int/msm/ms-api/node_modules/router/index.js:342:13)\n    at /Users/mohammadwasif/code/l-int/msm/ms-api/node_modules/router/index.js:297:9\n    at processParams (/Users/mohammadwasif/code/l-int/msm/ms-api/node_modules/router/index.js:582:12)\n    at next (/Users/mohammadwasif/code/l-int/msm/ms-api/node_modules/router/index.js:291:5)\n    at Function.handle (/Users/mohammadwasif/code/l-int/msm/ms-api/node_modules/router/index.js:186:3)","timestamp":"2026-09-13 13:37:32"}
{"level":"info","message":"::1 - - [13/Sep/2026:08:07:32 +0000] \"GET /.well-known/appspecific/com.chrome.devtools.json HTTP/1.1\" 304 - \"-\" \"Mozilla/5.0 (Macintosh; Intel Mac OS X 10_15_7) AppleWebKit/537.36 (KHTML, like Gecko) Chrome/153.0.0.0 Safari/537.36\"","service":"ms-api","timestamp":"2026-09-13 13:37:32"}
{"level":"info","message":"Connected to MongoDB: ms-db","service":"ms-api","timestamp":"2026-09-13 13:38:27"}
{"level":"info","message":"Server running in production mode on port 5001","service":"ms-api","timestamp":"2026-09-13 13:38:27"}
{"level":"info","message":"::1 - - [13/Sep/2026:08:08:33 +0000] \"GET /.well-known/appspecific/com.chrome.devtools.json HTTP/1.1\" 404 187 \"-\" \"Mozilla/5.0 (Macintosh; Intel Mac OS X 10_15_7) AppleWebKit/537.36 (KHTML, like Gecko) Chrome/153.0.0.0 Safari/537.36\"","service":"ms-api","timestamp":"2026-09-13 13:38:33"}
{"level":"info","message":"::1 - - [13/Sep/2026:08:08:33 +0000] \"GET /.well-known/appspecific/com.chrome.devtools.json HTTP/1.1\" 404 187 \"-\" \"Mozilla/5.0 (Macintosh; Intel Mac OS X 10_15_7) AppleWebKit/537.36 (KHTML, like Gecko) Chrome/153.0.0.0 Safari/537.36\"","service":"ms-api","timestamp":"2026-09-13 13:38:33"}
{"level":"info","message":"::1 - - [13/Sep/2026:08:08:33 +0000] \"GET /.well-known/appspecific/com.chrome.devtools.json HTTP/1.1\" 404 187 \"-\" \"Mozilla/5.0 (Macintosh; Intel Mac OS X 10_15_7) AppleWebKit/537.36 (KHTML, like Gecko) Chrome/153.0.0.0 Safari/537.36\"","service":"ms-api","timestamp":"2026-09-13 13:38:33"}
{"level":"info","message":"::1 - - [13/Sep/2026:08:08:56 +0000] \"POST /api/auth/login HTTP/1.1\" 200 1327 \"-\" \"Mozilla/5.0 (Macintosh; Intel Mac OS X 10_15_7) AppleWebKit/537.36 (KHTML, like Gecko) Chrome/153.0.0.0 Safari/537.36\"","service":"ms-api","timestamp":"2026-09-13 13:38:56"}
{"level":"info","message":"::1 - - [13/Sep/2026:08:08:56 +0000] \"GET /api/reports/dashboard-stats HTTP/1.1\" 304 - \"-\" \"Mozilla/5.0 (Macintosh; Intel Mac OS X 10_15_7) AppleWebKit/537.36 (KHTML, like Gecko) Chrome/153.0.0.0 Safari/537.36\"","service":"ms-api","timestamp":"2026-09-13 13:38:56"}
{"level":"info","message":"::1 - - [13/Sep/2026:08:09:06 +0000] \"GET /api/products?status=AVAILABLE HTTP/1.1\" 200 70 \"-\" \"Mozilla/5.0 (Macintosh; Intel Mac OS X 10_15_7) AppleWebKit/537.36 (KHTML, like Gecko) Chrome/153.0.0.0 Safari/537.36\"","service":"ms-api","timestamp":"2026-09-13 13:39:06"}
{"level":"info","message":"::1 - - [13/Sep/2026:08:09:07 +0000] \"GET /api/repairs HTTP/1.1\" 200 69 \"-\" \"Mozilla/5.0 (Macintosh; Intel Mac OS X 10_15_7) AppleWebKit/537.36 (KHTML, like Gecko) Chrome/153.0.0.0 Safari/537.36\"","service":"ms-api","timestamp":"2026-09-13 13:39:07"}
{"level":"info","message":"::1 - - [13/Sep/2026:08:09:08 +0000] \"GET /api/products?category=phone HTTP/1.1\" 200 70 \"-\" \"Mozilla/5.0 (Macintosh; Intel Mac OS X 10_15_7) AppleWebKit/537.36 (KHTML, like Gecko) Chrome/153.0.0.0 Safari/537.36\"","service":"ms-api","timestamp":"2026-09-13 13:39:08"}
{"level":"info","message":"::1 - - [13/Sep/2026:08:09:08 +0000] \"GET /api/inventory/movements HTTP/1.1\" 200 71 \"-\" \"Mozilla/5.0 (Macintosh; Intel Mac OS X 10_15_7) AppleWebKit/537.36 (KHTML, like Gecko) Chrome/153.0.0.0 Safari/537.36\"","service":"ms-api","timestamp":"2026-09-13 13:39:08"}
{"level":"info","message":"::1 - - [13/Sep/2026:08:09:08 +0000] \"GET /api/products?category=accessory HTTP/1.1\" 200 70 \"-\" \"Mozilla/5.0 (Macintosh; Intel Mac OS X 10_15_7) AppleWebKit/537.36 (KHTML, like Gecko) Chrome/153.0.0.0 Safari/537.36\"","service":"ms-api","timestamp":"2026-09-13 13:39:08"}
{"level":"info","message":"::1 - - [13/Sep/2026:08:09:09 +0000] \"GET /api/products?category=phone HTTP/1.1\" 304 - \"-\" \"Mozilla/5.0 (Macintosh; Intel Mac OS X 10_15_7) AppleWebKit/537.36 (KHTML, like Gecko) Chrome/153.0.0.0 Safari/537.36\"","service":"ms-api","timestamp":"2026-09-13 13:39:09"}
{"level":"info","message":"::1 - - [13/Sep/2026:08:09:09 +0000] \"GET /api/products?category=accessory HTTP/1.1\" 304 - \"-\" \"Mozilla/5.0 (Macintosh; Intel Mac OS X 10_15_7) AppleWebKit/537.36 (KHTML, like Gecko) Chrome/153.0.0.0 Safari/537.36\"","service":"ms-api","timestamp":"2026-09-13 13:39:09"}
{"level":"info","message":"::1 - - [13/Sep/2026:08:09:11 +0000] \"GET /api/purchases HTTP/1.1\" 304 - \"-\" \"Mozilla/5.0 (Macintosh; Intel Mac OS X 10_15_7) AppleWebKit/537.36 (KHTML, like Gecko) Chrome/153.0.0.0 Safari/537.36\"","service":"ms-api","timestamp":"2026-09-13 13:39:11"}
{"level":"info","message":"::1 - - [13/Sep/2026:08:09:12 +0000] \"GET /api/products?category=phone HTTP/1.1\" 304 - \"-\" \"Mozilla/5.0 (Macintosh; Intel Mac OS X 10_15_7) AppleWebKit/537.36 (KHTML, like Gecko) Chrome/153.0.0.0 Safari/537.36\"","service":"ms-api","timestamp":"2026-09-13 13:39:12"}
{"level":"info","message":"::1 - - [13/Sep/2026:08:09:12 +0000] \"GET /api/products?category=accessory HTTP/1.1\" 304 - \"-\" \"Mozilla/5.0 (Macintosh; Intel Mac OS X 10_15_7) AppleWebKit/537.36 (KHTML, like Gecko) Chrome/153.0.0.0 Safari/537.36\"","service":"ms-api","timestamp":"2026-09-13 13:39:12"}
{"level":"info","message":"::1 - - [13/Sep/2026:08:09:16 +0000] \"GET /api/reports/dashboard-stats HTTP/1.1\" 304 - \"-\" \"Mozilla/5.0 (Macintosh; Intel Mac OS X 10_15_7) AppleWebKit/537.36 (KHTML, like Gecko) Chrome/153.0.0.0 Safari/537.36\"","service":"ms-api","timestamp":"2026-09-13 13:39:16"}
{"level":"info","message":"::1 - - [13/Sep/2026:08:09:19 +0000] \"GET /api/repairs HTTP/1.1\" 304 - \"-\" \"Mozilla/5.0 (Macintosh; Intel Mac OS X 10_15_7) AppleWebKit/537.36 (KHTML, like Gecko) Chrome/153.0.0.0 Safari/537.36\"","service":"ms-api","timestamp":"2026-09-13 13:39:19"}
{"level":"info","message":"::1 - - [13/Sep/2026:08:09:25 +0000] \"GET /repairs HTTP/1.1\" 404 146 \"-\" \"Mozilla/5.0 (Macintosh; Intel Mac OS X 10_15_7) AppleWebKit/537.36 (KHTML, like Gecko) Chrome/153.0.0.0 Safari/537.36\"","service":"ms-api","timestamp":"2026-09-13 13:39:25"}
{"level":"info","message":"::1 - - [13/Sep/2026:08:09:29 +0000] \"GET /repairs HTTP/1.1\" 404 146 \"-\" \"Mozilla/5.0 (Macintosh; Intel Mac OS X 10_15_7) AppleWebKit/537.36 (KHTML, like Gecko) Chrome/153.0.0.0 Safari/537.36\"","service":"ms-api","timestamp":"2026-09-13 13:39:29"}
{"level":"info","message":"::1 - - [13/Sep/2026:08:09:35 +0000] \"GET /api/reports/dashboard-stats HTTP/1.1\" 304 - \"-\" \"Mozilla/5.0 (Macintosh; Intel Mac OS X 10_15_7) AppleWebKit/537.36 (KHTML, like Gecko) Chrome/153.0.0.0 Safari/537.36\"","service":"ms-api","timestamp":"2026-09-13 13:39:35"}
{"level":"info","message":"::1 - - [13/Sep/2026:08:09:38 +0000] \"GET /api/reports/profit-loss HTTP/1.1\" 200 260 \"-\" \"Mozilla/5.0 (Macintosh; Intel Mac OS X 10_15_7) AppleWebKit/537.36 (KHTML, like Gecko) Chrome/153.0.0.0 Safari/537.36\"","service":"ms-api","timestamp":"2026-09-13 13:39:38"}
{"level":"info","message":"::1 - - [13/Sep/2026:08:09:40 +0000] \"GET /reports HTTP/1.1\" 404 146 \"-\" \"Mozilla/5.0 (Macintosh; Intel Mac OS X 10_15_7) AppleWebKit/537.36 (KHTML, like Gecko) Chrome/153.0.0.0 Safari/537.36\"","service":"ms-api","timestamp":"2026-09-13 13:39:40"}
{"level":"info","message":"Connected to MongoDB: ms-db","service":"ms-api","timestamp":"2026-09-13 13:40:56"}
{"level":"info","message":"Server running in production mode on port 5001","service":"ms-api","timestamp":"2026-09-13 13:40:56"}
{"level":"info","message":"Connected to MongoDB: ms-db","service":"ms-api","timestamp":"2026-09-13 13:43:13"}
{"level":"info","message":"Server running in production mode on port 5001","service":"ms-api","timestamp":"2026-09-13 13:43:13"}
{"level":"info","message":"::1 - - [13/Sep/2026:08:13:16 +0000] \"GET /api/reports/dashboard-stats HTTP/1.1\" 200 310 \"-\" \"Mozilla/5.0 (Macintosh; Intel Mac OS X 10_15_7) AppleWebKit/537.36 (KHTML, like Gecko) Chrome/153.0.0.0 Safari/537.36\"","service":"ms-api","timestamp":"2026-09-13 13:43:16"}
{"level":"info","message":"::1 - - [13/Sep/2026:08:13:17 +0000] \"GET /api/products?status=AVAILABLE HTTP/1.1\" 200 70 \"-\" \"Mozilla/5.0 (Macintosh; Intel Mac OS X 10_15_7) AppleWebKit/537.36 (KHTML, like Gecko) Chrome/153.0.0.0 Safari/537.36\"","service":"ms-api","timestamp":"2026-09-13 13:43:17"}
{"level":"info","message":"::1 - - [13/Sep/2026:08:13:19 +0000] \"GET /api/repairs HTTP/1.1\" 200 69 \"-\" \"Mozilla/5.0 (Macintosh; Intel Mac OS X 10_15_7) AppleWebKit/537.36 (KHTML, like Gecko) Chrome/153.0.0.0 Safari/537.36\"","service":"ms-api","timestamp":"2026-09-13 13:43:19"}
{"level":"info","message":"::1 - - [13/Sep/2026:08:13:21 +0000] \"GET /repairs HTTP/1.1\" 404 146 \"-\" \"Mozilla/5.0 (Macintosh; Intel Mac OS X 10_15_7) AppleWebKit/537.36 (KHTML, like Gecko) Chrome/153.0.0.0 Safari/537.36\"","service":"ms-api","timestamp":"2026-09-13 13:43:21"}
{"level":"info","message":"Connected to MongoDB: ms-db","service":"ms-api","timestamp":"2026-09-13 13:43:36"}
{"level":"info","message":"Server running in production mode on port 5001","service":"ms-api","timestamp":"2026-09-13 13:43:36"}
{"level":"info","message":"Connected to MongoDB: ms-db","service":"ms-api","timestamp":"2026-09-13 13:53:12"}
{"level":"info","message":"Server running in production mode on port 5001","service":"ms-api","timestamp":"2026-09-13 13:53:12"}
{"level":"info","message":"Connected to MongoDB: ms-db","service":"ms-api","timestamp":"2026-09-13 13:53:22"}
{"level":"info","message":"Server running in production mode on port 5001","service":"ms-api","timestamp":"2026-09-13 13:53:22"}
{"level":"info","message":"::1 - - [13/Sep/2026:08:23:45 +0000] \"GET /repairs HTTP/1.1\" 304 - \"-\" \"Mozilla/5.0 (Macintosh; Intel Mac OS X 10_15_7) AppleWebKit/537.36 (KHTML, like Gecko) Chrome/153.0.0.0 Safari/537.36\"","service":"ms-api","timestamp":"2026-09-13 13:53:45"}
{"level":"info","message":"::1 - - [13/Sep/2026:08:23:45 +0000] \"GET /assets/index-CGWBFYla.css HTTP/1.1\" 304 - \"-\" \"Mozilla/5.0 (Macintosh; Intel Mac OS X 10_15_7) AppleWebKit/537.36 (KHTML, like Gecko) Chrome/153.0.0.0 Safari/537.36\"","service":"ms-api","timestamp":"2026-09-13 13:53:45"}
{"level":"info","message":"::1 - - [13/Sep/2026:08:23:45 +0000] \"GET /assets/index-Dn8tJT6c.js HTTP/1.1\" 304 - \"-\" \"Mozilla/5.0 (Macintosh; Intel Mac OS X 10_15_7) AppleWebKit/537.36 (KHTML, like Gecko) Chrome/153.0.0.0 Safari/537.36\"","service":"ms-api","timestamp":"2026-09-13 13:53:45"}
{"level":"info","message":"::1 - - [13/Sep/2026:08:23:45 +0000] \"GET /assets/wa-logo-CncBZz0p.png HTTP/1.1\" 304 - \"-\" \"Mozilla/5.0 (Macintosh; Intel Mac OS X 10_15_7) AppleWebKit/537.36 (KHTML, like Gecko) Chrome/153.0.0.0 Safari/537.36\"","service":"ms-api","timestamp":"2026-09-13 13:53:45"}
{"level":"info","message":"::1 - - [13/Sep/2026:08:23:45 +0000] \"GET /api/repairs HTTP/1.1\" 200 69 \"-\" \"Mozilla/5.0 (Macintosh; Intel Mac OS X 10_15_7) AppleWebKit/537.36 (KHTML, like Gecko) Chrome/153.0.0.0 Safari/537.36\"","service":"ms-api","timestamp":"2026-09-13 13:53:45"}
{"level":"info","message":"::1 - - [13/Sep/2026:08:23:45 +0000] \"GET /wa_favicon.png HTTP/1.1\" 304 - \"-\" \"Mozilla/5.0 (Macintosh; Intel Mac OS X 10_15_7) AppleWebKit/537.36 (KHTML, like Gecko) Chrome/153.0.0.0 Safari/537.36\"","service":"ms-api","timestamp":"2026-09-13 13:53:45"}
{"level":"info","message":"::1 - - [13/Sep/2026:08:23:45 +0000] \"GET /assets/Inter-Regular-DYjygwQm.ttf HTTP/1.1\" 304 - \"-\" \"Mozilla/5.0 (Macintosh; Intel Mac OS X 10_15_7) AppleWebKit/537.36 (KHTML, like Gecko) Chrome/153.0.0.0 Safari/537.36\"","service":"ms-api","timestamp":"2026-09-13 13:53:45"}
{"level":"info","message":"::1 - - [13/Sep/2026:08:23:45 +0000] \"GET /assets/Inter-SemiBold-XVCL1Lno.ttf HTTP/1.1\" 304 - \"-\" \"Mozilla/5.0 (Macintosh; Intel Mac OS X 10_15_7) AppleWebKit/537.36 (KHTML, like Gecko) Chrome/153.0.0.0 Safari/537.36\"","service":"ms-api","timestamp":"2026-09-13 13:53:45"}
{"level":"info","message":"::1 - - [13/Sep/2026:08:23:45 +0000] \"GET /assets/Inter-Medium-CKLJZXR2.ttf HTTP/1.1\" 304 - \"-\" \"Mozilla/5.0 (Macintosh; Intel Mac OS X 10_15_7) AppleWebKit/537.36 (KHTML, like Gecko) Chrome/153.0.0.0 Safari/537.36\"","service":"ms-api","timestamp":"2026-09-13 13:53:45"}
{"level":"info","message":"::1 - - [13/Sep/2026:08:23:45 +0000] \"GET /assets/Inter-Bold-zdiomvYZ.ttf HTTP/1.1\" 304 - \"-\" \"Mozilla/5.0 (Macintosh; Intel Mac OS X 10_15_7) AppleWebKit/537.36 (KHTML, like Gecko) Chrome/153.0.0.0 Safari/537.36\"","service":"ms-api","timestamp":"2026-09-13 13:53:45"}
{"level":"info","message":"::1 - - [13/Sep/2026:08:23:47 +0000] \"GET /api/reports/dashboard-stats HTTP/1.1\" 304 - \"-\" \"Mozilla/5.0 (Macintosh; Intel Mac OS X 10_15_7) AppleWebKit/537.36 (KHTML, like Gecko) Chrome/153.0.0.0 Safari/537.36\"","service":"ms-api","timestamp":"2026-09-13 13:53:47"}
{"level":"info","message":"::1 - - [13/Sep/2026:08:23:49 +0000] \"GET / HTTP/1.1\" 304 - \"-\" \"Mozilla/5.0 (Macintosh; Intel Mac OS X 10_15_7) AppleWebKit/537.36 (KHTML, like Gecko) Chrome/153.0.0.0 Safari/537.36\"","service":"ms-api","timestamp":"2026-09-13 13:53:49"}
{"level":"info","message":"::1 - - [13/Sep/2026:08:23:49 +0000] \"GET /assets/index-Dn8tJT6c.js HTTP/1.1\" 304 - \"-\" \"Mozilla/5.0 (Macintosh; Intel Mac OS X 10_15_7) AppleWebKit/537.36 (KHTML, like Gecko) Chrome/153.0.0.0 Safari/537.36\"","service":"ms-api","timestamp":"2026-09-13 13:53:49"}
{"level":"info","message":"::1 - - [13/Sep/2026:08:23:49 +0000] \"GET /assets/index-CGWBFYla.css HTTP/1.1\" 304 - \"-\" \"Mozilla/5.0 (Macintosh; Intel Mac OS X 10_15_7) AppleWebKit/537.36 (KHTML, like Gecko) Chrome/153.0.0.0 Safari/537.36\"","service":"ms-api","timestamp":"2026-09-13 13:53:49"}
{"level":"info","message":"::1 - - [13/Sep/2026:08:23:49 +0000] \"GET /assets/wa-logo-CncBZz0p.png HTTP/1.1\" 304 - \"-\" \"Mozilla/5.0 (Macintosh; Intel Mac OS X 10_15_7) AppleWebKit/537.36 (KHTML, like Gecko) Chrome/153.0.0.0 Safari/537.36\"","service":"ms-api","timestamp":"2026-09-13 13:53:49"}
{"level":"info","message":"::1 - - [13/Sep/2026:08:23:49 +0000] \"GET /api/reports/dashboard-stats HTTP/1.1\" 304 - \"-\" \"Mozilla/5.0 (Macintosh; Intel Mac OS X 10_15_7) AppleWebKit/537.36 (KHTML, like Gecko) Chrome/153.0.0.0 Safari/537.36\"","service":"ms-api","timestamp":"2026-09-13 13:53:49"}
{"level":"info","message":"::1 - - [13/Sep/2026:08:23:52 +0000] \"GET / HTTP/1.1\" 304 - \"-\" \"Mozilla/5.0 (Macintosh; Intel Mac OS X 10_15_7) AppleWebKit/537.36 (KHTML, like Gecko) Chrome/153.0.0.0 Safari/537.36\"","service":"ms-api","timestamp":"2026-09-13 13:53:52"}
{"level":"info","message":"::1 - - [13/Sep/2026:08:23:52 +0000] \"GET /assets/index-Dn8tJT6c.js HTTP/1.1\" 304 - \"-\" \"Mozilla/5.0 (Macintosh; Intel Mac OS X 10_15_7) AppleWebKit/537.36 (KHTML, like Gecko) Chrome/153.0.0.0 Safari/537.36\"","service":"ms-api","timestamp":"2026-09-13 13:53:52"}
{"level":"info","message":"::1 - - [13/Sep/2026:08:23:52 +0000] \"GET /assets/index-CGWBFYla.css HTTP/1.1\" 304 - \"-\" \"Mozilla/5.0 (Macintosh; Intel Mac OS X 10_15_7) AppleWebKit/537.36 (KHTML, like Gecko) Chrome/153.0.0.0 Safari/537.36\"","service":"ms-api","timestamp":"2026-09-13 13:53:52"}
{"level":"info","message":"::1 - - [13/Sep/2026:08:23:52 +0000] \"GET /assets/wa-logo-CncBZz0p.png HTTP/1.1\" 304 - \"-\" \"Mozilla/5.0 (Macintosh; Intel Mac OS X 10_15_7) AppleWebKit/537.36 (KHTML, like Gecko) Chrome/153.0.0.0 Safari/537.36\"","service":"ms-api","timestamp":"2026-09-13 13:53:52"}
{"level":"info","message":"::1 - - [13/Sep/2026:08:23:52 +0000] \"GET /api/reports/dashboard-stats HTTP/1.1\" 304 - \"-\" \"Mozilla/5.0 (Macintosh; Intel Mac OS X 10_15_7) AppleWebKit/537.36 (KHTML, like Gecko) Chrome/153.0.0.0 Safari/537.36\"","service":"ms-api","timestamp":"2026-09-13 13:53:52"}
{"level":"info","message":"Connected to MongoDB: ms-db","service":"ms-api","timestamp":"2026-09-13 13:54:35"}
{"level":"info","message":"Server running in production mode on port 5001","service":"ms-api","timestamp":"2026-09-13 13:54:35"}
{"level":"info","message":"::1 - - [13/Sep/2026:08:24:43 +0000] \"GET / HTTP/1.1\" 304 - \"-\" \"Mozilla/5.0 (Macintosh; Intel Mac OS X 10_15_7) AppleWebKit/537.36 (KHTML, like Gecko) Chrome/153.0.0.0 Safari/537.36\"","service":"ms-api","timestamp":"2026-09-13 13:54:43"}
{"level":"info","message":"::1 - - [13/Sep/2026:08:24:43 +0000] \"GET /assets/index-CGWBFYla.css HTTP/1.1\" 304 - \"-\" \"Mozilla/5.0 (Macintosh; Intel Mac OS X 10_15_7) AppleWebKit/537.36 (KHTML, like Gecko) Chrome/153.0.0.0 Safari/537.36\"","service":"ms-api","timestamp":"2026-09-13 13:54:43"}
{"level":"info","message":"::1 - - [13/Sep/2026:08:24:43 +0000] \"GET /assets/index-Dn8tJT6c.js HTTP/1.1\" 304 - \"-\" \"Mozilla/5.0 (Macintosh; Intel Mac OS X 10_15_7) AppleWebKit/537.36 (KHTML, like Gecko) Chrome/153.0.0.0 Safari/537.36\"","service":"ms-api","timestamp":"2026-09-13 13:54:43"}
{"level":"info","message":"::1 - - [13/Sep/2026:08:24:43 +0000] \"GET /assets/wa-logo-CncBZz0p.png HTTP/1.1\" 304 - \"-\" \"Mozilla/5.0 (Macintosh; Intel Mac OS X 10_15_7) AppleWebKit/537.36 (KHTML, like Gecko) Chrome/153.0.0.0 Safari/537.36\"","service":"ms-api","timestamp":"2026-09-13 13:54:43"}
{"level":"info","message":"::1 - - [13/Sep/2026:08:24:43 +0000] \"GET /api/reports/dashboard-stats HTTP/1.1\" 401 42 \"-\" \"Mozilla/5.0 (Macintosh; Intel Mac OS X 10_15_7) AppleWebKit/537.36 (KHTML, like Gecko) Chrome/153.0.0.0 Safari/537.36\"","service":"ms-api","timestamp":"2026-09-13 13:54:43"}
{"level":"info","message":"::1 - - [13/Sep/2026:08:24:43 +0000] \"POST /api/auth/refresh HTTP/1.1\" 404 156 \"-\" \"Mozilla/5.0 (Macintosh; Intel Mac OS X 10_15_7) AppleWebKit/537.36 (KHTML, like Gecko) Chrome/153.0.0.0 Safari/537.36\"","service":"ms-api","timestamp":"2026-09-13 13:54:43"}
{"level":"info","message":"::1 - - [13/Sep/2026:08:24:46 +0000] \"GET / HTTP/1.1\" 304 - \"-\" \"Mozilla/5.0 (Macintosh; Intel Mac OS X 10_15_7) AppleWebKit/537.36 (KHTML, like Gecko) Chrome/153.0.0.0 Safari/537.36\"","service":"ms-api","timestamp":"2026-09-13 13:54:46"}
{"level":"info","message":"::1 - - [13/Sep/2026:08:24:46 +0000] \"GET /assets/index-CGWBFYla.css HTTP/1.1\" 304 - \"-\" \"Mozilla/5.0 (Macintosh; Intel Mac OS X 10_15_7) AppleWebKit/537.36 (KHTML, like Gecko) Chrome/153.0.0.0 Safari/537.36\"","service":"ms-api","timestamp":"2026-09-13 13:54:46"}
{"level":"info","message":"::1 - - [13/Sep/2026:08:24:46 +0000] \"GET /assets/index-Dn8tJT6c.js HTTP/1.1\" 304 - \"-\" \"Mozilla/5.0 (Macintosh; Intel Mac OS X 10_15_7) AppleWebKit/537.36 (KHTML, like Gecko) Chrome/153.0.0.0 Safari/537.36\"","service":"ms-api","timestamp":"2026-09-13 13:54:46"}
{"level":"info","message":"::1 - - [13/Sep/2026:08:24:46 +0000] \"GET /assets/wa-logo-CncBZz0p.png HTTP/1.1\" 304 - \"-\" \"Mozilla/5.0 (Macintosh; Intel Mac OS X 10_15_7) AppleWebKit/537.36 (KHTML, like Gecko) Chrome/153.0.0.0 Safari/537.36\"","service":"ms-api","timestamp":"2026-09-13 13:54:46"}
{"level":"info","message":"::1 - - [13/Sep/2026:08:24:46 +0000] \"GET /api/reports/dashboard-stats HTTP/1.1\" 401 42 \"-\" \"Mozilla/5.0 (Macintosh; Intel Mac OS X 10_15_7) AppleWebKit/537.36 (KHTML, like Gecko) Chrome/153.0.0.0 Safari/537.36\"","service":"ms-api","timestamp":"2026-09-13 13:54:46"}
{"level":"info","message":"::1 - - [13/Sep/2026:08:24:46 +0000] \"POST /api/auth/refresh HTTP/1.1\" 404 156 \"-\" \"Mozilla/5.0 (Macintosh; Intel Mac OS X 10_15_7) AppleWebKit/537.36 (KHTML, like Gecko) Chrome/153.0.0.0 Safari/537.36\"","service":"ms-api","timestamp":"2026-09-13 13:54:46"}
{"level":"info","message":"::1 - - [13/Sep/2026:08:24:48 +0000] \"GET / HTTP/1.1\" 304 - \"-\" \"Mozilla/5.0 (Macintosh; Intel Mac OS X 10_15_7) AppleWebKit/537.36 (KHTML, like Gecko) Chrome/153.0.0.0 Safari/537.36\"","service":"ms-api","timestamp":"2026-09-13 13:54:48"}
{"level":"info","message":"::1 - - [13/Sep/2026:08:24:48 +0000] \"GET /assets/index-CGWBFYla.css HTTP/1.1\" 304 - \"-\" \"Mozilla/5.0 (Macintosh; Intel Mac OS X 10_15_7) AppleWebKit/537.36 (KHTML, like Gecko) Chrome/153.0.0.0 Safari/537.36\"","service":"ms-api","timestamp":"2026-09-13 13:54:48"}
{"level":"info","message":"::1 - - [13/Sep/2026:08:24:48 +0000] \"GET /assets/index-Dn8tJT6c.js HTTP/1.1\" 304 - \"-\" \"Mozilla/5.0 (Macintosh; Intel Mac OS X 10_15_7) AppleWebKit/537.36 (KHTML, like Gecko) Chrome/153.0.0.0 Safari/537.36\"","service":"ms-api","timestamp":"2026-09-13 13:54:48"}
{"level":"info","message":"::1 - - [13/Sep/2026:08:24:48 +0000] \"GET /assets/wa-logo-CncBZz0p.png HTTP/1.1\" 304 - \"-\" \"Mozilla/5.0 (Macintosh; Intel Mac OS X 10_15_7) AppleWebKit/537.36 (KHTML, like Gecko) Chrome/153.0.0.0 Safari/537.36\"","service":"ms-api","timestamp":"2026-09-13 13:54:48"}
{"level":"info","message":"::1 - - [13/Sep/2026:08:24:48 +0000] \"GET /api/reports/dashboard-stats HTTP/1.1\" 401 42 \"-\" \"Mozilla/5.0 (Macintosh; Intel Mac OS X 10_15_7) AppleWebKit/537.36 (KHTML, like Gecko) Chrome/153.0.0.0 Safari/537.36\"","service":"ms-api","timestamp":"2026-09-13 13:54:48"}
{"level":"info","message":"::1 - - [13/Sep/2026:08:24:48 +0000] \"POST /api/auth/refresh HTTP/1.1\" 404 156 \"-\" \"Mozilla/5.0 (Macintosh; Intel Mac OS X 10_15_7) AppleWebKit/537.36 (KHTML, like Gecko) Chrome/153.0.0.0 Safari/537.36\"","service":"ms-api","timestamp":"2026-09-13 13:54:48"}
{"level":"info","message":"::1 - - [13/Sep/2026:08:24:50 +0000] \"GET /api/products?status=AVAILABLE HTTP/1.1\" 401 42 \"-\" \"Mozilla/5.0 (Macintosh; Intel Mac OS X 10_15_7) AppleWebKit/537.36 (KHTML, like Gecko) Chrome/153.0.0.0 Safari/537.36\"","service":"ms-api","timestamp":"2026-09-13 13:54:50"}
{"level":"info","message":"::1 - - [13/Sep/2026:08:24:50 +0000] \"POST /api/auth/refresh HTTP/1.1\" 404 156 \"-\" \"Mozilla/5.0 (Macintosh; Intel Mac OS X 10_15_7) AppleWebKit/537.36 (KHTML, like Gecko) Chrome/153.0.0.0 Safari/537.36\"","service":"ms-api","timestamp":"2026-09-13 13:54:50"}
{"level":"info","message":"::1 - - [13/Sep/2026:08:24:51 +0000] \"GET /api/repairs HTTP/1.1\" 401 42 \"-\" \"Mozilla/5.0 (Macintosh; Intel Mac OS X 10_15_7) AppleWebKit/537.36 (KHTML, like Gecko) Chrome/153.0.0.0 Safari/537.36\"","service":"ms-api","timestamp":"2026-09-13 13:54:51"}
{"level":"info","message":"::1 - - [13/Sep/2026:08:24:51 +0000] \"POST /api/auth/refresh HTTP/1.1\" 404 156 \"-\" \"Mozilla/5.0 (Macintosh; Intel Mac OS X 10_15_7) AppleWebKit/537.36 (KHTML, like Gecko) Chrome/153.0.0.0 Safari/537.36\"","service":"ms-api","timestamp":"2026-09-13 13:54:51"}
{"level":"info","message":"::1 - - [13/Sep/2026:08:24:52 +0000] \"GET /api/repairs HTTP/1.1\" 401 42 \"-\" \"Mozilla/5.0 (Macintosh; Intel Mac OS X 10_15_7) AppleWebKit/537.36 (KHTML, like Gecko) Chrome/153.0.0.0 Safari/537.36\"","service":"ms-api","timestamp":"2026-09-13 13:54:52"}
{"level":"info","message":"::1 - - [13/Sep/2026:08:24:52 +0000] \"POST /api/auth/refresh HTTP/1.1\" 404 156 \"-\" \"Mozilla/5.0 (Macintosh; Intel Mac OS X 10_15_7) AppleWebKit/537.36 (KHTML, like Gecko) Chrome/153.0.0.0 Safari/537.36\"","service":"ms-api","timestamp":"2026-09-13 13:54:52"}
{"level":"info","message":"::1 - - [13/Sep/2026:08:24:52 +0000] \"GET /api/products?status=AVAILABLE HTTP/1.1\" 401 42 \"-\" \"Mozilla/5.0 (Macintosh; Intel Mac OS X 10_15_7) AppleWebKit/537.36 (KHTML, like Gecko) Chrome/153.0.0.0 Safari/537.36\"","service":"ms-api","timestamp":"2026-09-13 13:54:52"}
{"level":"info","message":"::1 - - [13/Sep/2026:08:24:52 +0000] \"POST /api/auth/refresh HTTP/1.1\" 404 156 \"-\" \"Mozilla/5.0 (Macintosh; Intel Mac OS X 10_15_7) AppleWebKit/537.36 (KHTML, like Gecko) Chrome/153.0.0.0 Safari/537.36\"","service":"ms-api","timestamp":"2026-09-13 13:54:52"}
{"level":"info","message":"::1 - - [13/Sep/2026:08:25:09 +0000] \"GET /api/repairs HTTP/1.1\" 401 42 \"-\" \"Mozilla/5.0 (Macintosh; Intel Mac OS X 10_15_7) AppleWebKit/537.36 (KHTML, like Gecko) Chrome/153.0.0.0 Safari/537.36\"","service":"ms-api","timestamp":"2026-09-13 13:55:09"}
{"level":"info","message":"::1 - - [13/Sep/2026:08:25:09 +0000] \"POST /api/auth/refresh HTTP/1.1\" 404 156 \"-\" \"Mozilla/5.0 (Macintosh; Intel Mac OS X 10_15_7) AppleWebKit/537.36 (KHTML, like Gecko) Chrome/153.0.0.0 Safari/537.36\"","service":"ms-api","timestamp":"2026-09-13 13:55:09"}
{"level":"info","message":"::1 - - [13/Sep/2026:08:25:10 +0000] \"GET /api/repairs HTTP/1.1\" 401 42 \"-\" \"Mozilla/5.0 (Macintosh; Intel Mac OS X 10_15_7) AppleWebKit/537.36 (KHTML, like Gecko) Chrome/153.0.0.0 Safari/537.36\"","service":"ms-api","timestamp":"2026-09-13 13:55:10"}
{"level":"info","message":"::1 - - [13/Sep/2026:08:25:10 +0000] \"POST /api/auth/refresh HTTP/1.1\" 404 156 \"-\" \"Mozilla/5.0 (Macintosh; Intel Mac OS X 10_15_7) AppleWebKit/537.36 (KHTML, like Gecko) Chrome/153.0.0.0 Safari/537.36\"","service":"ms-api","timestamp":"2026-09-13 13:55:10"}
{"level":"info","message":"::1 - - [13/Sep/2026:08:25:11 +0000] \"GET /api/products?category=phone HTTP/1.1\" 401 42 \"-\" \"Mozilla/5.0 (Macintosh; Intel Mac OS X 10_15_7) AppleWebKit/537.36 (KHTML, like Gecko) Chrome/153.0.0.0 Safari/537.36\"","service":"ms-api","timestamp":"2026-09-13 13:55:11"}
{"level":"info","message":"::1 - - [13/Sep/2026:08:25:11 +0000] \"GET /api/products?category=accessory HTTP/1.1\" 401 42 \"-\" \"Mozilla/5.0 (Macintosh; Intel Mac OS X 10_15_7) AppleWebKit/537.36 (KHTML, like Gecko) Chrome/153.0.0.0 Safari/537.36\"","service":"ms-api","timestamp":"2026-09-13 13:55:11"}
{"level":"info","message":"::1 - - [13/Sep/2026:08:25:11 +0000] \"POST /api/auth/refresh HTTP/1.1\" 404 156 \"-\" \"Mozilla/5.0 (Macintosh; Intel Mac OS X 10_15_7) AppleWebKit/537.36 (KHTML, like Gecko) Chrome/153.0.0.0 Safari/537.36\"","service":"ms-api","timestamp":"2026-09-13 13:55:11"}
{"level":"info","message":"::1 - - [13/Sep/2026:08:25:12 +0000] \"GET /api/products?category=phone HTTP/1.1\" 401 42 \"-\" \"Mozilla/5.0 (Macintosh; Intel Mac OS X 10_15_7) AppleWebKit/537.36 (KHTML, like Gecko) Chrome/153.0.0.0 Safari/537.36\"","service":"ms-api","timestamp":"2026-09-13 13:55:12"}
{"level":"info","message":"::1 - - [13/Sep/2026:08:25:12 +0000] \"GET /api/products?category=accessory HTTP/1.1\" 401 42 \"-\" \"Mozilla/5.0 (Macintosh; Intel Mac OS X 10_15_7) AppleWebKit/537.36 (KHTML, like Gecko) Chrome/153.0.0.0 Safari/537.36\"","service":"ms-api","timestamp":"2026-09-13 13:55:12"}
{"level":"info","message":"::1 - - [13/Sep/2026:08:25:12 +0000] \"POST /api/auth/refresh HTTP/1.1\" 404 156 \"-\" \"Mozilla/5.0 (Macintosh; Intel Mac OS X 10_15_7) AppleWebKit/537.36 (KHTML, like Gecko) Chrome/153.0.0.0 Safari/537.36\"","service":"ms-api","timestamp":"2026-09-13 13:55:12"}
{"level":"info","message":"::1 - - [13/Sep/2026:08:25:12 +0000] \"GET /api/purchases HTTP/1.1\" 401 42 \"-\" \"Mozilla/5.0 (Macintosh; Intel Mac OS X 10_15_7) AppleWebKit/537.36 (KHTML, like Gecko) Chrome/153.0.0.0 Safari/537.36\"","service":"ms-api","timestamp":"2026-09-13 13:55:12"}
{"level":"info","message":"::1 - - [13/Sep/2026:08:25:12 +0000] \"POST /api/auth/refresh HTTP/1.1\" 404 156 \"-\" \"Mozilla/5.0 (Macintosh; Intel Mac OS X 10_15_7) AppleWebKit/537.36 (KHTML, like Gecko) Chrome/153.0.0.0 Safari/537.36\"","service":"ms-api","timestamp":"2026-09-13 13:55:12"}
{"level":"info","message":"::1 - - [13/Sep/2026:08:25:13 +0000] \"GET /api/purchases HTTP/1.1\" 401 42 \"-\" \"Mozilla/5.0 (Macintosh; Intel Mac OS X 10_15_7) AppleWebKit/537.36 (KHTML, like Gecko) Chrome/153.0.0.0 Safari/537.36\"","service":"ms-api","timestamp":"2026-09-13 13:55:13"}
{"level":"info","message":"::1 - - [13/Sep/2026:08:25:13 +0000] \"POST /api/auth/refresh HTTP/1.1\" 404 156 \"-\" \"Mozilla/5.0 (Macintosh; Intel Mac OS X 10_15_7) AppleWebKit/537.36 (KHTML, like Gecko) Chrome/153.0.0.0 Safari/537.36\"","service":"ms-api","timestamp":"2026-09-13 13:55:13"}
{"level":"info","message":"::1 - - [13/Sep/2026:08:25:14 +0000] \"GET /api/customers HTTP/1.1\" 401 42 \"-\" \"Mozilla/5.0 (Macintosh; Intel Mac OS X 10_15_7) AppleWebKit/537.36 (KHTML, like Gecko) Chrome/153.0.0.0 Safari/537.36\"","service":"ms-api","timestamp":"2026-09-13 13:55:14"}
{"level":"info","message":"::1 - - [13/Sep/2026:08:25:14 +0000] \"POST /api/auth/refresh HTTP/1.1\" 404 156 \"-\" \"Mozilla/5.0 (Macintosh; Intel Mac OS X 10_15_7) AppleWebKit/537.36 (KHTML, like Gecko) Chrome/153.0.0.0 Safari/537.36\"","service":"ms-api","timestamp":"2026-09-13 13:55:14"}
{"level":"info","message":"::1 - - [13/Sep/2026:08:25:15 +0000] \"GET /api/customers HTTP/1.1\" 401 42 \"-\" \"Mozilla/5.0 (Macintosh; Intel Mac OS X 10_15_7) AppleWebKit/537.36 (KHTML, like Gecko) Chrome/153.0.0.0 Safari/537.36\"","service":"ms-api","timestamp":"2026-09-13 13:55:15"}
{"level":"info","message":"::1 - - [13/Sep/2026:08:25:15 +0000] \"POST /api/auth/refresh HTTP/1.1\" 404 156 \"-\" \"Mozilla/5.0 (Macintosh; Intel Mac OS X 10_15_7) AppleWebKit/537.36 (KHTML, like Gecko) Chrome/153.0.0.0 Safari/537.36\"","service":"ms-api","timestamp":"2026-09-13 13:55:15"}
{"level":"info","message":"Connected to MongoDB: ms-db","service":"ms-api","timestamp":"2026-09-13 13:55:49"}
{"level":"info","message":"Server running in production mode on port 5001","service":"ms-api","timestamp":"2026-09-13 13:55:49"}
{"level":"info","message":"::1 - - [13/Sep/2026:08:26:06 +0000] \"GET /customers HTTP/1.1\" 200 492 \"-\" \"Mozilla/5.0 (Macintosh; Intel Mac OS X 10_15_7) AppleWebKit/537.36 (KHTML, like Gecko) Chrome/153.0.0.0 Safari/537.36\"","service":"ms-api","timestamp":"2026-09-13 13:56:06"}
{"level":"info","message":"::1 - - [13/Sep/2026:08:26:06 +0000] \"GET /assets/index-Dn8tJT6c.js HTTP/1.1\" 304 - \"-\" \"Mozilla/5.0 (Macintosh; Intel Mac OS X 10_15_7) AppleWebKit/537.36 (KHTML, like Gecko) Chrome/153.0.0.0 Safari/537.36\"","service":"ms-api","timestamp":"2026-09-13 13:56:06"}
{"level":"info","message":"::1 - - [13/Sep/2026:08:26:06 +0000] \"GET /assets/index-CGWBFYla.css HTTP/1.1\" 304 - \"-\" \"Mozilla/5.0 (Macintosh; Intel Mac OS X 10_15_7) AppleWebKit/537.36 (KHTML, like Gecko) Chrome/153.0.0.0 Safari/537.36\"","service":"ms-api","timestamp":"2026-09-13 13:56:06"}
{"level":"info","message":"::1 - - [13/Sep/2026:08:26:06 +0000] \"GET /assets/wa-logo-CncBZz0p.png HTTP/1.1\" 304 - \"-\" \"Mozilla/5.0 (Macintosh; Intel Mac OS X 10_15_7) AppleWebKit/537.36 (KHTML, like Gecko) Chrome/153.0.0.0 Safari/537.36\"","service":"ms-api","timestamp":"2026-09-13 13:56:06"}
{"level":"info","message":"::1 - - [13/Sep/2026:08:26:06 +0000] \"GET /api/customers HTTP/1.1\" 401 42 \"-\" \"Mozilla/5.0 (Macintosh; Intel Mac OS X 10_15_7) AppleWebKit/537.36 (KHTML, like Gecko) Chrome/153.0.0.0 Safari/537.36\"","service":"ms-api","timestamp":"2026-09-13 13:56:06"}
{"level":"info","message":"::1 - - [13/Sep/2026:08:26:06 +0000] \"POST /api/auth/refresh HTTP/1.1\" 404 156 \"-\" \"Mozilla/5.0 (Macintosh; Intel Mac OS X 10_15_7) AppleWebKit/537.36 (KHTML, like Gecko) Chrome/153.0.0.0 Safari/537.36\"","service":"ms-api","timestamp":"2026-09-13 13:56:06"}
{"level":"info","message":"::1 - - [13/Sep/2026:08:26:07 +0000] \"GET /api/customers HTTP/1.1\" 401 42 \"-\" \"Mozilla/5.0 (Macintosh; Intel Mac OS X 10_15_7) AppleWebKit/537.36 (KHTML, like Gecko) Chrome/153.0.0.0 Safari/537.36\"","service":"ms-api","timestamp":"2026-09-13 13:56:07"}
{"level":"info","message":"::1 - - [13/Sep/2026:08:26:07 +0000] \"POST /api/auth/refresh HTTP/1.1\" 404 156 \"-\" \"Mozilla/5.0 (Macintosh; Intel Mac OS X 10_15_7) AppleWebKit/537.36 (KHTML, like Gecko) Chrome/153.0.0.0 Safari/537.36\"","service":"ms-api","timestamp":"2026-09-13 13:56:07"}
{"level":"info","message":"::1 - - [13/Sep/2026:08:26:07 +0000] \"GET /api/reports/dashboard-stats HTTP/1.1\" 401 42 \"-\" \"Mozilla/5.0 (Macintosh; Intel Mac OS X 10_15_7) AppleWebKit/537.36 (KHTML, like Gecko) Chrome/153.0.0.0 Safari/537.36\"","service":"ms-api","timestamp":"2026-09-13 13:56:07"}
{"level":"info","message":"::1 - - [13/Sep/2026:08:26:07 +0000] \"POST /api/auth/refresh HTTP/1.1\" 404 156 \"-\" \"Mozilla/5.0 (Macintosh; Intel Mac OS X 10_15_7) AppleWebKit/537.36 (KHTML, like Gecko) Chrome/153.0.0.0 Safari/537.36\"","service":"ms-api","timestamp":"2026-09-13 13:56:07"}
{"level":"info","message":"::1 - - [13/Sep/2026:08:26:09 +0000] \"GET / HTTP/1.1\" 304 - \"-\" \"Mozilla/5.0 (Macintosh; Intel Mac OS X 10_15_7) AppleWebKit/537.36 (KHTML, like Gecko) Chrome/153.0.0.0 Safari/537.36\"","service":"ms-api","timestamp":"2026-09-13 13:56:09"}
{"level":"info","message":"::1 - - [13/Sep/2026:08:26:09 +0000] \"GET /assets/index-CGWBFYla.css HTTP/1.1\" 304 - \"-\" \"Mozilla/5.0 (Macintosh; Intel Mac OS X 10_15_7) AppleWebKit/537.36 (KHTML, like Gecko) Chrome/153.0.0.0 Safari/537.36\"","service":"ms-api","timestamp":"2026-09-13 13:56:09"}
{"level":"info","message":"::1 - - [13/Sep/2026:08:26:09 +0000] \"GET /assets/index-Dn8tJT6c.js HTTP/1.1\" 304 - \"-\" \"Mozilla/5.0 (Macintosh; Intel Mac OS X 10_15_7) AppleWebKit/537.36 (KHTML, like Gecko) Chrome/153.0.0.0 Safari/537.36\"","service":"ms-api","timestamp":"2026-09-13 13:56:09"}
{"level":"info","message":"::1 - - [13/Sep/2026:08:26:09 +0000] \"GET /assets/wa-logo-CncBZz0p.png HTTP/1.1\" 304 - \"-\" \"Mozilla/5.0 (Macintosh; Intel Mac OS X 10_15_7) AppleWebKit/537.36 (KHTML, like Gecko) Chrome/153.0.0.0 Safari/537.36\"","service":"ms-api","timestamp":"2026-09-13 13:56:09"}
{"level":"info","message":"::1 - - [13/Sep/2026:08:26:09 +0000] \"GET /api/reports/dashboard-stats HTTP/1.1\" 401 42 \"-\" \"Mozilla/5.0 (Macintosh; Intel Mac OS X 10_15_7) AppleWebKit/537.36 (KHTML, like Gecko) Chrome/153.0.0.0 Safari/537.36\"","service":"ms-api","timestamp":"2026-09-13 13:56:09"}
{"level":"info","message":"::1 - - [13/Sep/2026:08:26:09 +0000] \"POST /api/auth/refresh HTTP/1.1\" 404 156 \"-\" \"Mozilla/5.0 (Macintosh; Intel Mac OS X 10_15_7) AppleWebKit/537.36 (KHTML, like Gecko) Chrome/153.0.0.0 Safari/537.36\"","service":"ms-api","timestamp":"2026-09-13 13:56:09"}
{"level":"info","message":"::1 - - [13/Sep/2026:08:26:11 +0000] \"GET /api/products?status=AVAILABLE HTTP/1.1\" 401 42 \"-\" \"Mozilla/5.0 (Macintosh; Intel Mac OS X 10_15_7) AppleWebKit/537.36 (KHTML, like Gecko) Chrome/153.0.0.0 Safari/537.36\"","service":"ms-api","timestamp":"2026-09-13 13:56:11"}
{"level":"info","message":"::1 - - [13/Sep/2026:08:26:11 +0000] \"POST /api/auth/refresh HTTP/1.1\" 404 156 \"-\" \"Mozilla/5.0 (Macintosh; Intel Mac OS X 10_15_7) AppleWebKit/537.36 (KHTML, like Gecko) Chrome/153.0.0.0 Safari/537.36\"","service":"ms-api","timestamp":"2026-09-13 13:56:11"}
{"level":"info","message":"::1 - - [13/Sep/2026:08:26:12 +0000] \"GET /api/repairs HTTP/1.1\" 401 42 \"-\" \"Mozilla/5.0 (Macintosh; Intel Mac OS X 10_15_7) AppleWebKit/537.36 (KHTML, like Gecko) Chrome/153.0.0.0 Safari/537.36\"","service":"ms-api","timestamp":"2026-09-13 13:56:12"}
{"level":"info","message":"::1 - - [13/Sep/2026:08:26:12 +0000] \"POST /api/auth/refresh HTTP/1.1\" 404 156 \"-\" \"Mozilla/5.0 (Macintosh; Intel Mac OS X 10_15_7) AppleWebKit/537.36 (KHTML, like Gecko) Chrome/153.0.0.0 Safari/537.36\"","service":"ms-api","timestamp":"2026-09-13 13:56:12"}
{"level":"info","message":"::1 - - [13/Sep/2026:08:26:13 +0000] \"GET /api/repairs HTTP/1.1\" 401 42 \"-\" \"Mozilla/5.0 (Macintosh; Intel Mac OS X 10_15_7) AppleWebKit/537.36 (KHTML, like Gecko) Chrome/153.0.0.0 Safari/537.36\"","service":"ms-api","timestamp":"2026-09-13 13:56:13"}
{"level":"info","message":"::1 - - [13/Sep/2026:08:26:13 +0000] \"POST /api/auth/refresh HTTP/1.1\" 404 156 \"-\" \"Mozilla/5.0 (Macintosh; Intel Mac OS X 10_15_7) AppleWebKit/537.36 (KHTML, like Gecko) Chrome/153.0.0.0 Safari/537.36\"","service":"ms-api","timestamp":"2026-09-13 13:56:13"}
{"level":"info","message":"::1 - - [13/Sep/2026:08:26:13 +0000] \"GET /api/products?category=phone HTTP/1.1\" 401 42 \"-\" \"Mozilla/5.0 (Macintosh; Intel Mac OS X 10_15_7) AppleWebKit/537.36 (KHTML, like Gecko) Chrome/153.0.0.0 Safari/537.36\"","service":"ms-api","timestamp":"2026-09-13 13:56:13"}
{"level":"info","message":"::1 - - [13/Sep/2026:08:26:13 +0000] \"GET /api/products?category=accessory HTTP/1.1\" 401 42 \"-\" \"Mozilla/5.0 (Macintosh; Intel Mac OS X 10_15_7) AppleWebKit/537.36 (KHTML, like Gecko) Chrome/153.0.0.0 Safari/537.36\"","service":"ms-api","timestamp":"2026-09-13 13:56:13"}
{"level":"info","message":"::1 - - [13/Sep/2026:08:26:13 +0000] \"POST /api/auth/refresh HTTP/1.1\" 404 156 \"-\" \"Mozilla/5.0 (Macintosh; Intel Mac OS X 10_15_7) AppleWebKit/537.36 (KHTML, like Gecko) Chrome/153.0.0.0 Safari/537.36\"","service":"ms-api","timestamp":"2026-09-13 13:56:13"}
{"level":"info","message":"::1 - - [13/Sep/2026:08:26:14 +0000] \"GET /api/products?category=phone HTTP/1.1\" 401 42 \"-\" \"Mozilla/5.0 (Macintosh; Intel Mac OS X 10_15_7) AppleWebKit/537.36 (KHTML, like Gecko) Chrome/153.0.0.0 Safari/537.36\"","service":"ms-api","timestamp":"2026-09-13 13:56:14"}
{"level":"info","message":"::1 - - [13/Sep/2026:08:26:14 +0000] \"GET /api/products?category=accessory HTTP/1.1\" 401 42 \"-\" \"Mozilla/5.0 (Macintosh; Intel Mac OS X 10_15_7) AppleWebKit/537.36 (KHTML, like Gecko) Chrome/153.0.0.0 Safari/537.36\"","service":"ms-api","timestamp":"2026-09-13 13:56:14"}
{"level":"info","message":"::1 - - [13/Sep/2026:08:26:14 +0000] \"POST /api/auth/refresh HTTP/1.1\" 404 156 \"-\" \"Mozilla/5.0 (Macintosh; Intel Mac OS X 10_15_7) AppleWebKit/537.36 (KHTML, like Gecko) Chrome/153.0.0.0 Safari/537.36\"","service":"ms-api","timestamp":"2026-09-13 13:56:14"}
{"level":"info","message":"::1 - - [13/Sep/2026:08:26:14 +0000] \"GET /api/products?category=phone HTTP/1.1\" 401 42 \"-\" \"Mozilla/5.0 (Macintosh; Intel Mac OS X 10_15_7) AppleWebKit/537.36 (KHTML, like Gecko) Chrome/153.0.0.0 Safari/537.36\"","service":"ms-api","timestamp":"2026-09-13 13:56:14"}
{"level":"info","message":"::1 - - [13/Sep/2026:08:26:14 +0000] \"GET /api/inventory/movements HTTP/1.1\" 401 42 \"-\" \"Mozilla/5.0 (Macintosh; Intel Mac OS X 10_15_7) AppleWebKit/537.36 (KHTML, like Gecko) Chrome/153.0.0.0 Safari/537.36\"","service":"ms-api","timestamp":"2026-09-13 13:56:14"}
{"level":"info","message":"::1 - - [13/Sep/2026:08:26:14 +0000] \"POST /api/auth/refresh HTTP/1.1\" 404 156 \"-\" \"Mozilla/5.0 (Macintosh; Intel Mac OS X 10_15_7) AppleWebKit/537.36 (KHTML, like Gecko) Chrome/153.0.0.0 Safari/537.36\"","service":"ms-api","timestamp":"2026-09-13 13:56:14"}
{"level":"info","message":"::1 - - [13/Sep/2026:08:26:15 +0000] \"GET /api/purchases HTTP/1.1\" 401 42 \"-\" \"Mozilla/5.0 (Macintosh; Intel Mac OS X 10_15_7) AppleWebKit/537.36 (KHTML, like Gecko) Chrome/153.0.0.0 Safari/537.36\"","service":"ms-api","timestamp":"2026-09-13 13:56:15"}
{"level":"info","message":"::1 - - [13/Sep/2026:08:26:15 +0000] \"POST /api/auth/refresh HTTP/1.1\" 404 156 \"-\" \"Mozilla/5.0 (Macintosh; Intel Mac OS X 10_15_7) AppleWebKit/537.36 (KHTML, like Gecko) Chrome/153.0.0.0 Safari/537.36\"","service":"ms-api","timestamp":"2026-09-13 13:56:15"}
{"level":"info","message":"::1 - - [13/Sep/2026:08:26:16 +0000] \"GET /api/products?status=AVAILABLE HTTP/1.1\" 401 42 \"-\" \"Mozilla/5.0 (Macintosh; Intel Mac OS X 10_15_7) AppleWebKit/537.36 (KHTML, like Gecko) Chrome/153.0.0.0 Safari/537.36\"","service":"ms-api","timestamp":"2026-09-13 13:56:16"}
{"level":"info","message":"::1 - - [13/Sep/2026:08:26:16 +0000] \"POST /api/auth/refresh HTTP/1.1\" 404 156 \"-\" \"Mozilla/5.0 (Macintosh; Intel Mac OS X 10_15_7) AppleWebKit/537.36 (KHTML, like Gecko) Chrome/153.0.0.0 Safari/537.36\"","service":"ms-api","timestamp":"2026-09-13 13:56:16"}
{"level":"info","message":"::1 - - [13/Sep/2026:08:26:16 +0000] \"GET /api/reports/dashboard-stats HTTP/1.1\" 401 42 \"-\" \"Mozilla/5.0 (Macintosh; Intel Mac OS X 10_15_7) AppleWebKit/537.36 (KHTML, like Gecko) Chrome/153.0.0.0 Safari/537.36\"","service":"ms-api","timestamp":"2026-09-13 13:56:16"}
{"level":"info","message":"::1 - - [13/Sep/2026:08:26:16 +0000] \"POST /api/auth/refresh HTTP/1.1\" 404 156 \"-\" \"Mozilla/5.0 (Macintosh; Intel Mac OS X 10_15_7) AppleWebKit/537.36 (KHTML, like Gecko) Chrome/153.0.0.0 Safari/537.36\"","service":"ms-api","timestamp":"2026-09-13 13:56:16"}
{"level":"info","message":"Connected to MongoDB: ms-db","service":"ms-api","timestamp":"2026-09-13 20:54:57"}
{"level":"info","message":"Server running in development mode on port 5001","service":"ms-api","timestamp":"2026-09-13 20:54:57"}
{"level":"info","message":"Connected to MongoDB: ms-db","service":"ms-api","timestamp":"2026-09-13 20:55:55"}
{"level":"info","message":"Server running in development mode on port 5001","service":"ms-api","timestamp":"2026-09-13 20:55:55"}
{"level":"info","message":"Connected to MongoDB: ms-db","service":"ms-api","timestamp":"2026-09-13 20:59:06"}
{"level":"info","message":"Server running in development mode on port 5001","service":"ms-api","timestamp":"2026-09-13 20:59:06"}
{"level":"info","message":"Connected to MongoDB: ms-db","service":"ms-api","timestamp":"2026-09-13 21:49:56"}
{"level":"info","message":"Server running in development mode on port 5001","service":"ms-api","timestamp":"2026-09-13 21:49:56"}
{"level":"info","message":"Connected to MongoDB: ms-db","service":"ms-api","timestamp":"2026-09-13 21:54:12"}
{"level":"info","message":"Server running in development mode on port 5001","service":"ms-api","timestamp":"2026-09-13 21:54:12"}
{"level":"info","message":"Connected to MongoDB: ms-db","service":"ms-api","timestamp":"2026-09-13 21:58:23"}
{"level":"info","message":"Server running in development mode on port 5001","service":"ms-api","timestamp":"2026-09-13 21:58:23"}
{"level":"info","message":"Connected to MongoDB: ms-db","service":"ms-api","timestamp":"2026-09-13 21:58:42"}
{"level":"info","message":"Server running in development mode on port 5001","service":"ms-api","timestamp":"2026-09-13 21:58:43"}
{"level":"info","message":"Connected to MongoDB: ms-db","service":"ms-api","timestamp":"2026-09-13 22:08:07"}
{"level":"info","message":"Server running in development mode on port 5001","service":"ms-api","timestamp":"2026-09-13 22:08:07"}
{"level":"info","message":"Connected to MongoDB: ms-db","service":"ms-api","timestamp":"2026-09-13 22:09:00"}
{"level":"info","message":"Server running in development mode on port 5001","service":"ms-api","timestamp":"2026-09-13 22:09:00"}
{"level":"info","message":"Connected to MongoDB: ms-db","service":"ms-api","timestamp":"2026-09-13 22:10:49"}
{"level":"info","message":"Server running in development mode on port 5001","service":"ms-api","timestamp":"2026-09-13 22:10:49"}
{"level":"info","message":"Connected to MongoDB: ms-db","service":"ms-api","timestamp":"2026-09-13 22:11:13"}
{"level":"info","message":"Server running in development mode on port 5001","service":"ms-api","timestamp":"2026-09-13 22:11:13"}
{"level":"info","message":"Connected to MongoDB: ms-db","service":"ms-api","timestamp":"2026-09-13 22:13:53"}
{"level":"info","message":"Server running in development mode on port 5004","service":"ms-api","timestamp":"2026-09-13 22:13:53"}
{"level":"error","message":"productsCollection is not defined","service":"ms-api","stack":"ReferenceError: productsCollection is not defined\n    at Object.getProducts (/Users/mohammadwasif/code/l-int/msm/ms-api/services/product.service.js:15:3)\n    at getProducts (/Users/mohammadwasif/code/l-int/msm/ms-api/controllers/product.controller.js:6:43)\n    at Layer.handleRequest (/Users/mohammadwasif/code/l-int/msm/ms-api/node_modules/router/lib/layer.js:152:17)\n    at next (/Users/mohammadwasif/code/l-int/msm/ms-api/node_modules/router/lib/route.js:157:13)\n    at Route.dispatch (/Users/mohammadwasif/code/l-int/msm/ms-api/node_modules/router/lib/route.js:117:3)\n    at handle (/Users/mohammadwasif/code/l-int/msm/ms-api/node_modules/router/index.js:435:11)\n    at Layer.handleRequest (/Users/mohammadwasif/code/l-int/msm/ms-api/node_modules/router/lib/layer.js:152:17)\n    at /Users/mohammadwasif/code/l-int/msm/ms-api/node_modules/router/index.js:295:15\n    at processParams (/Users/mohammadwasif/code/l-int/msm/ms-api/node_modules/router/index.js:582:12)\n    at next (/Users/mohammadwasif/code/l-int/msm/ms-api/node_modules/router/index.js:291:5)","timestamp":"2026-09-13 22:14:03"}
{"level":"info","message":"Connected to MongoDB: ms-db","service":"ms-api","timestamp":"2026-09-13 22:16:37"}
{"level":"info","message":"Server running in development mode on port 5004","service":"ms-api","timestamp":"2026-09-13 22:16:37"}
{"level":"info","message":"Connected to MongoDB: ms-db","service":"ms-api","timestamp":"2026-09-13 22:16:43"}
{"level":"info","message":"Server running in development mode on port 5004","service":"ms-api","timestamp":"2026-09-13 22:16:43"}
{"level":"info","message":"Connected to MongoDB: ms-db","service":"ms-api","timestamp":"2026-09-14 09:08:29"}
{"level":"info","message":"Server running in development mode on port 5004","service":"ms-api","timestamp":"2026-09-14 09:08:29"}
{"level":"error","message":"authService.refresh is not a function","service":"ms-api","stack":"TypeError: authService.refresh is not a function\n    at exports.refresh (/Users/mohammadwasif/code/l-int/msm/ms-api/controllers/auth.controller.js:34:47)\n    at Layer.handleRequest (/Users/mohammadwasif/code/l-int/msm/ms-api/node_modules/router/lib/layer.js:152:17)\n    at next (/Users/mohammadwasif/code/l-int/msm/ms-api/node_modules/router/lib/route.js:157:13)\n    at Route.dispatch (/Users/mohammadwasif/code/l-int/msm/ms-api/node_modules/router/lib/route.js:117:3)\n    at handle (/Users/mohammadwasif/code/l-int/msm/ms-api/node_modules/router/index.js:435:11)\n    at Layer.handleRequest (/Users/mohammadwasif/code/l-int/msm/ms-api/node_modules/router/lib/layer.js:152:17)\n    at /Users/mohammadwasif/code/l-int/msm/ms-api/node_modules/router/index.js:295:15\n    at processParams (/Users/mohammadwasif/code/l-int/msm/ms-api/node_modules/router/index.js:582:12)\n    at next (/Users/mohammadwasif/code/l-int/msm/ms-api/node_modules/router/index.js:291:5)\n    at Function.handle (/Users/mohammadwasif/code/l-int/msm/ms-api/node_modules/router/index.js:186:3)","timestamp":"2026-09-14 09:08:39"}
{"level":"info","message":"Connected to MongoDB: ms-db","service":"ms-api","timestamp":"2026-09-14 09:10:33"}
{"level":"info","message":"Server running in development mode on port 5004","service":"ms-api","timestamp":"2026-09-14 09:10:33"}
{"level":"error","message":"Invalid or expired refresh token","service":"ms-api","statusCode":401,"timestamp":"2026-09-14 09:10:36"}
{"level":"info","message":"Connected to MongoDB: ms-db","service":"ms-api","timestamp":"2026-09-14 09:12:54"}
{"level":"info","message":"Server running in development mode on port 5004","service":"ms-api","timestamp":"2026-09-14 09:12:54"}
{"level":"info","message":"Connected to MongoDB: ms-db","service":"ms-api","timestamp":"2026-09-14 09:13:07"}
{"level":"info","message":"Server running in development mode on port 5004","service":"ms-api","timestamp":"2026-09-14 09:13:07"}
{"level":"error","message":"productsCollection is not defined","service":"ms-api","stack":"ReferenceError: productsCollection is not defined\n    at Object.getProducts (/Users/mohammadwasif/code/l-int/msm/ms-api/services/product.service.js:15:3)\n    at getProducts (/Users/mohammadwasif/code/l-int/msm/ms-api/controllers/product.controller.js:6:43)\n    at Layer.handleRequest (/Users/mohammadwasif/code/l-int/msm/ms-api/node_modules/router/lib/layer.js:152:17)\n    at next (/Users/mohammadwasif/code/l-int/msm/ms-api/node_modules/router/lib/route.js:157:13)\n    at Route.dispatch (/Users/mohammadwasif/code/l-int/msm/ms-api/node_modules/router/lib/route.js:117:3)\n    at handle (/Users/mohammadwasif/code/l-int/msm/ms-api/node_modules/router/index.js:435:11)\n    at Layer.handleRequest (/Users/mohammadwasif/code/l-int/msm/ms-api/node_modules/router/lib/layer.js:152:17)\n    at /Users/mohammadwasif/code/l-int/msm/ms-api/node_modules/router/index.js:295:15\n    at processParams (/Users/mohammadwasif/code/l-int/msm/ms-api/node_modules/router/index.js:582:12)\n    at next (/Users/mohammadwasif/code/l-int/msm/ms-api/node_modules/router/index.js:291:5)","timestamp":"2026-09-14 09:13:11"}
{"level":"error","message":"productsCollection is not defined","service":"ms-api","stack":"ReferenceError: productsCollection is not defined\n    at Object.getProducts (/Users/mohammadwasif/code/l-int/msm/ms-api/services/product.service.js:15:3)\n    at getProducts (/Users/mohammadwasif/code/l-int/msm/ms-api/controllers/product.controller.js:6:43)\n    at Layer.handleRequest (/Users/mohammadwasif/code/l-int/msm/ms-api/node_modules/router/lib/layer.js:152:17)\n    at next (/Users/mohammadwasif/code/l-int/msm/ms-api/node_modules/router/lib/route.js:157:13)\n    at Route.dispatch (/Users/mohammadwasif/code/l-int/msm/ms-api/node_modules/router/lib/route.js:117:3)\n    at handle (/Users/mohammadwasif/code/l-int/msm/ms-api/node_modules/router/index.js:435:11)\n    at Layer.handleRequest (/Users/mohammadwasif/code/l-int/msm/ms-api/node_modules/router/lib/layer.js:152:17)\n    at /Users/mohammadwasif/code/l-int/msm/ms-api/node_modules/router/index.js:295:15\n    at processParams (/Users/mohammadwasif/code/l-int/msm/ms-api/node_modules/router/index.js:582:12)\n    at next (/Users/mohammadwasif/code/l-int/msm/ms-api/node_modules/router/index.js:291:5)","timestamp":"2026-09-14 09:13:26"}
{"level":"info","message":"Connected to MongoDB: ms-db","service":"ms-api","timestamp":"2026-09-14 09:17:03"}
{"level":"info","message":"Server running in development mode on port 5004","service":"ms-api","timestamp":"2026-09-14 09:17:03"}
{"level":"info","message":"Connected to MongoDB: ms-db","service":"ms-api","timestamp":"2026-09-14 09:17:46"}
{"level":"info","message":"Server running in development mode on port 5004","service":"ms-api","timestamp":"2026-09-14 09:17:46"}
{"level":"info","message":"Connected to MongoDB: ms-db","service":"ms-api","timestamp":"2026-09-14 09:20:02"}
{"level":"info","message":"Server running in development mode on port 5004","service":"ms-api","timestamp":"2026-09-14 09:20:02"}
{"level":"info","message":"Connected to MongoDB: ms-db","service":"ms-api","timestamp":"2026-09-14 09:20:18"}
{"level":"info","message":"Server running in development mode on port 5004","service":"ms-api","timestamp":"2026-09-14 09:20:18"}
{"level":"info","message":"Connected to MongoDB: ms-db","service":"ms-api","timestamp":"2026-09-14 09:20:43"}
{"level":"info","message":"Server running in development mode on port 5004","service":"ms-api","timestamp":"2026-09-14 09:20:43"}
{"level":"info","message":"Connected to MongoDB: ms-db","service":"ms-api","timestamp":"2026-09-14 09:21:04"}
{"level":"info","message":"Server running in development mode on port 5004","service":"ms-api","timestamp":"2026-09-14 09:21:04"}
{"level":"info","message":"Connected to MongoDB: ms-db","service":"ms-api","timestamp":"2026-09-14 09:21:12"}
{"level":"info","message":"Server running in development mode on port 5004","service":"ms-api","timestamp":"2026-09-14 09:21:12"}
{"level":"info","message":"Connected to MongoDB: ms-db","service":"ms-api","timestamp":"2026-09-14 09:22:31"}
{"level":"info","message":"Server running in development mode on port 5004","service":"ms-api","timestamp":"2026-09-14 09:22:31"}
{"level":"info","message":"Connected to MongoDB: ms-db","service":"ms-api","timestamp":"2026-09-14 09:24:45"}
{"level":"info","message":"Server running in development mode on port 5004","service":"ms-api","timestamp":"2026-09-14 09:24:45"}
{"level":"info","message":"Connected to MongoDB: ms-db","service":"ms-api","timestamp":"2026-09-14 09:25:06"}
{"level":"info","message":"Server running in development mode on port 5004","service":"ms-api","timestamp":"2026-09-14 09:25:06"}
{"level":"info","message":"Connected to MongoDB: ms-db","service":"ms-api","timestamp":"2026-09-14 09:25:22"}
{"level":"info","message":"Server running in development mode on port 5004","service":"ms-api","timestamp":"2026-09-14 09:25:22"}
{"level":"info","message":"Connected to MongoDB: ms-db","service":"ms-api","timestamp":"2026-09-14 09:26:46"}
{"level":"info","message":"Server running in development mode on port 5004","service":"ms-api","timestamp":"2026-09-14 09:26:47"}
{"level":"info","message":"Connected to MongoDB: ms-db","service":"ms-api","timestamp":"2026-09-14 09:28:11"}
{"level":"info","message":"Server running in development mode on port 5004","service":"ms-api","timestamp":"2026-09-14 09:28:11"}
{"level":"info","message":"Connected to MongoDB: ms-db","service":"ms-api","timestamp":"2026-09-14 09:28:47"}
{"level":"info","message":"Server running in development mode on port 5004","service":"ms-api","timestamp":"2026-09-14 09:28:47"}
{"level":"info","message":"Connected to MongoDB: ms-db","service":"ms-api","timestamp":"2026-09-14 09:31:29"}
{"level":"info","message":"Server running in development mode on port 5004","service":"ms-api","timestamp":"2026-09-14 09:31:29"}
{"level":"info","message":"Connected to MongoDB: ms-db","service":"ms-api","timestamp":"2026-09-14 09:38:02"}
{"level":"info","message":"Server running in development mode on port 5004","service":"ms-api","timestamp":"2026-09-14 09:38:02"}
{"level":"info","message":"Connected to MongoDB: ms-db","service":"ms-api","timestamp":"2026-09-14 09:41:13"}
{"level":"info","message":"Server running in development mode on port 5004","service":"ms-api","timestamp":"2026-09-14 09:41:13"}
{"level":"info","message":"Connected to MongoDB: ms-db","service":"ms-api","timestamp":"2026-09-14 09:42:07"}
{"level":"info","message":"Server running in development mode on port 5004","service":"ms-api","timestamp":"2026-09-14 09:42:07"}
{"level":"info","message":"Connected to MongoDB: ms-db","service":"ms-api","timestamp":"2026-09-14 09:42:54"}
{"level":"info","message":"Server running in development mode on port 5004","service":"ms-api","timestamp":"2026-09-14 09:42:54"}
{"level":"info","message":"Connected to MongoDB: ms-db","service":"ms-api","timestamp":"2026-09-14 09:49:09"}
{"level":"info","message":"Server running in development mode on port 5004","service":"ms-api","timestamp":"2026-09-14 09:49:09"}
{"level":"info","message":"Connected to MongoDB: ms-db","service":"ms-api","timestamp":"2026-09-14 10:02:37"}
{"level":"info","message":"Server running in development mode on port 5004","service":"ms-api","timestamp":"2026-09-14 10:02:37"}
{"level":"info","message":"Connected to MongoDB: ms-db","service":"ms-api","timestamp":"2026-09-14 10:17:05"}
{"level":"info","message":"Server running in development mode on port 5004","service":"ms-api","timestamp":"2026-09-14 10:17:05"}
{"level":"info","message":"Connected to MongoDB: ms-db","service":"ms-api","timestamp":"2026-09-14 10:18:12"}
{"level":"info","message":"Server running in development mode on port 5004","service":"ms-api","timestamp":"2026-09-14 10:18:12"}
{"level":"info","message":"Connected to MongoDB: ms-db","service":"ms-api","timestamp":"2026-09-14 10:18:19"}
{"level":"info","message":"Server running in development mode on port 5004","service":"ms-api","timestamp":"2026-09-14 10:18:19"}
{"level":"info","message":"Connected to MongoDB: ms-db","service":"ms-api","timestamp":"2026-09-14 10:39:36"}
{"level":"info","message":"Server running in development mode on port 5004","service":"ms-api","timestamp":"2026-09-14 10:39:36"}
{"level":"info","message":"Connected to MongoDB: ms-db","service":"ms-api","timestamp":"2026-09-14 10:40:33"}
{"level":"info","message":"Server running in development mode on port 5004","service":"ms-api","timestamp":"2026-09-14 10:40:33"}
{"level":"info","message":"Connected to MongoDB: ms-db","service":"ms-api","timestamp":"2026-09-14 10:58:00"}
{"level":"info","message":"Server running in development mode on port 5004","service":"ms-api","timestamp":"2026-09-14 10:58:00"}
{"level":"info","message":"Connected to MongoDB: ms-db","service":"ms-api","timestamp":"2026-09-14 10:58:05"}
{"level":"info","message":"Server running in development mode on port 5004","service":"ms-api","timestamp":"2026-09-14 10:58:05"}
{"level":"info","message":"Connected to MongoDB: ms-db","service":"ms-api","timestamp":"2026-09-14 11:25:39"}
{"level":"info","message":"Server running in development mode on port 5004","service":"ms-api","timestamp":"2026-09-14 11:25:39"}
{"level":"info","message":"Connected to MongoDB: ms-db","service":"ms-api","timestamp":"2026-09-14 11:25:48"}
{"level":"info","message":"Server running in development mode on port 5004","service":"ms-api","timestamp":"2026-09-14 11:25:48"}
{"level":"info","message":"Connected to MongoDB: ms-db","service":"ms-api","timestamp":"2026-09-14 13:30:37"}
{"level":"info","message":"Server running in development mode on port 5004","service":"ms-api","timestamp":"2026-09-14 13:30:37"}
